"","Date","President.x","Approval","PrezParty.x","President.y","Chamber","ChamberParty","PrezParty.y","UnemploymentRate","GDP"
"1","1945/06","Truman",87,"Democrat",NA,NA,NA,NA,NA,NA
"2","1945/10","Truman",82,"Democrat",NA,NA,NA,NA,NA,NA
"3","1945/11","Truman",75,"Democrat",NA,NA,NA,NA,NA,NA
"4","1946/01","Truman",63,"Democrat",NA,NA,NA,NA,NA,NA
"5","1946/02","Truman",49,"Democrat",NA,NA,NA,NA,NA,NA
"6","1946/03","Truman",51,"Democrat",NA,NA,NA,NA,NA,NA
"7","1946/06","Truman",44,"Democrat",NA,NA,NA,NA,NA,NA
"8","1946/09","Truman",33,"Democrat",NA,NA,NA,NA,NA,NA
"9","1946/11","Truman",34,"Democrat",NA,NA,NA,NA,NA,NA
"10","1946/12","Truman",35,"Democrat",NA,NA,NA,NA,NA,NA
"11","1947/01","Truman",48,"Democrat",NA,NA,NA,NA,NA,2182.681
"12","1947/03","Truman",61.5,"Democrat",NA,NA,NA,NA,NA,NA
"13","1947/04","Truman",57,"Democrat",NA,NA,NA,NA,NA,2176.892
"14","1947/05","Truman",65,"Democrat",NA,NA,NA,NA,NA,NA
"15","1947/06","Truman",55,"Democrat",NA,NA,NA,NA,NA,NA
"16","1947/07","Truman",61,"Democrat",NA,NA,NA,NA,NA,2172.432
"17","1947/09","Truman",55,"Democrat",NA,NA,NA,NA,NA,NA
"18","1947/11","Truman",54,"Democrat",NA,NA,NA,NA,NA,NA
"19","1948/01","Truman",53,"Democrat",NA,NA,NA,NA,3.4,2239.682
"20","1948/04","Truman",36,"Democrat",NA,NA,NA,NA,3.9,2276.69
"21","1948/05","Truman",39,"Democrat",NA,NA,NA,NA,3.5,NA
"22","1948/06","Truman",40,"Democrat",NA,NA,NA,NA,3.6,NA
"23","1949/01","Truman",69,"Democrat",NA,NA,NA,NA,4.3,2260.807
"24","1949/03","Truman",57,"Democrat",NA,NA,NA,NA,5,NA
"25","1949/05","Truman",51,"Democrat",NA,NA,NA,NA,6.1,NA
"26","1949/06","Truman",57,"Democrat",NA,NA,NA,NA,6.2,NA
"27","1949/09","Truman",48.67,"Democrat",NA,NA,NA,NA,6.6,NA
"28","1950/01","Truman",45,"Democrat",NA,NA,NA,NA,6.5,2346.104
"29","1950/02","Truman",37,"Democrat",NA,NA,NA,NA,6.4,NA
"30","1950/05","Truman",41,"Democrat",NA,NA,NA,NA,5.5,NA
"31","1950/06","Truman",37,"Democrat",NA,NA,NA,NA,5.4,NA
"32","1950/07","Truman",42.5,"Democrat",NA,NA,NA,NA,5,2511.127
"33","1950/08","Truman",43,"Democrat",NA,NA,NA,NA,4.5,NA
"34","1950/09","Truman",35,"Democrat",NA,NA,NA,NA,4.4,NA
"35","1950/10","Truman",39.5,"Democrat",NA,NA,NA,NA,4.2,2559.214
"36","1950/12","Truman",33,"Democrat",NA,NA,NA,NA,4.3,NA
"37","1951/01","Truman",36,"Democrat",NA,NA,NA,NA,3.7,2593.967
"38","1951/02","Truman",26,"Democrat",NA,NA,NA,NA,3.4,NA
"39","1951/03","Truman",27.5,"Democrat",NA,NA,NA,NA,3.4,NA
"40","1951/04","Truman",24,"Democrat",NA,NA,NA,NA,3.1,2638.898
"41","1951/05","Truman",24,"Democrat",NA,NA,NA,NA,3,NA
"42","1951/06","Truman",25,"Democrat",NA,NA,NA,NA,3.2,NA
"43","1951/07","Truman",29,"Democrat",NA,NA,NA,NA,3.1,2693.259
"44","1951/08","Truman",31,"Democrat",NA,NA,NA,NA,3.1,NA
"45","1951/09","Truman",32,"Democrat",NA,NA,NA,NA,3.3,NA
"46","1951/10","Truman",29,"Democrat",NA,NA,NA,NA,3.5,2699.156
"47","1951/11","Truman",23,"Democrat",NA,NA,NA,NA,3.5,NA
"48","1952/01","Truman",24,"Democrat",NA,NA,NA,NA,3.2,2727.954
"49","1952/02","Truman",22,"Democrat",NA,NA,NA,NA,3.1,NA
"50","1952/04","Truman",28,"Democrat",NA,NA,NA,NA,2.9,2733.8
"51","1952/05","Truman",29,"Democrat",NA,NA,NA,NA,3,NA
"52","1952/06","Truman",32,"Democrat",NA,NA,NA,NA,3,NA
"53","1952/07","Truman",29,"Democrat",NA,NA,NA,NA,3.2,2753.517
"54","1952/10","Truman",32,"Democrat",NA,NA,NA,NA,3,2843.941
"55","1952/12","Truman",32,"Democrat",NA,NA,NA,NA,2.7,NA
"56","1953/02","Eisenhower",67.5,"Republican",NA,NA,NA,NA,2.6,NA
"57","1953/03","Eisenhower",74,"Republican",NA,NA,NA,NA,2.6,NA
"58","1953/04","Eisenhower",73,"Republican",NA,NA,NA,NA,2.7,2919.206
"59","1953/05","Eisenhower",74,"Republican",NA,NA,NA,NA,2.5,NA
"60","1953/07","Eisenhower",71,"Republican",NA,NA,NA,NA,2.6,2902.785
"61","1953/08","Eisenhower",74,"Republican",NA,NA,NA,NA,2.7,NA
"62","1953/09","Eisenhower",61,"Republican",NA,NA,NA,NA,2.9,NA
"63","1953/10","Eisenhower",65,"Republican",NA,NA,NA,NA,3.1,2858.845
"64","1953/11","Eisenhower",60,"Republican",NA,NA,NA,NA,3.5,NA
"65","1953/12","Eisenhower",69,"Republican",NA,NA,NA,NA,4.5,NA
"66","1954/01","Eisenhower",70.5,"Republican","Eisenhower","Senate","Republican","Republican",4.9,2845.192
"67","1954/02","Eisenhower",67,"Republican","Eisenhower","Senate","Republican","Republican",5.2,NA
"68","1954/03","Eisenhower",66,"Republican","Eisenhower","Senate","Republican","Republican",5.7,NA
"69","1954/04","Eisenhower",68,"Republican","Eisenhower","Senate","Republican","Republican",5.9,2848.305
"70","1954/05","Eisenhower",60.5,"Republican","Eisenhower","Senate","Republican","Republican",5.9,NA
"71","1954/06","Eisenhower",62,"Republican","Eisenhower","Senate","Republican","Republican",5.6,NA
"72","1954/07","Eisenhower",70,"Republican","Eisenhower","Senate","Republican","Republican",5.8,2880.482
"73","1954/08","Eisenhower",65,"Republican","Eisenhower","Senate","Republican","Republican",6,NA
"74","1954/09","Eisenhower",66,"Republican","Eisenhower","Senate","Republican","Republican",6.1,NA
"75","1954/10","Eisenhower",61,"Republican","Eisenhower","Senate","Republican","Republican",5.7,2936.852
"76","1954/11","Eisenhower",57,"Republican","Eisenhower","Senate","Republican","Republican",5.3,NA
"77","1954/12","Eisenhower",69.5,"Republican","Eisenhower","Senate","Republican","Republican",5,NA
"78","1955/01","Eisenhower",70,"Republican","Eisenhower","Senate","Republican","Republican",4.9,3020.746
"79","1955/02","Eisenhower",73,"Republican","Eisenhower","Senate","Republican","Republican",4.7,NA
"80","1955/03","Eisenhower",68.5,"Republican","Eisenhower","Senate","Republican","Republican",4.6,NA
"81","1955/04","Eisenhower",70,"Republican","Eisenhower","Senate","Republican","Republican",4.7,3069.91
"82","1955/05","Eisenhower",68,"Republican","Eisenhower","Senate","Republican","Republican",4.3,NA
"83","1955/06","Eisenhower",68.5,"Republican","Eisenhower","Senate","Republican","Republican",4.2,NA
"84","1955/07","Eisenhower",72,"Republican","Eisenhower","Senate","Republican","Republican",4,3111.379
"85","1955/08","Eisenhower",73.5,"Republican","Eisenhower","Senate","Republican","Republican",4.2,NA
"86","1955/09","Eisenhower",71,"Republican","Eisenhower","Senate","Republican","Republican",4.1,NA
"87","1955/11","Eisenhower",78,"Republican","Eisenhower","Senate","Republican","Republican",4.2,NA
"88","1955/12","Eisenhower",75,"Republican","Eisenhower","Senate","Republican","Republican",4.2,NA
"89","1956/01","Eisenhower",76.5,"Republican","Eisenhower","Senate","Republican","Republican",4,3117.922
"90","1956/02","Eisenhower",75,"Republican","Eisenhower","Senate","Republican","Republican",3.9,NA
"91","1956/03","Eisenhower",72.5,"Republican","Eisenhower","Senate","Republican","Republican",4.2,NA
"92","1956/04","Eisenhower",69,"Republican","Eisenhower","Senate","Republican","Republican",4,3143.694
"93","1956/05","Eisenhower",70,"Republican","Eisenhower","Senate","Republican","Republican",4.3,NA
"94","1956/06","Eisenhower",73,"Republican","Eisenhower","Senate","Republican","Republican",4.3,NA
"95","1956/07","Eisenhower",70,"Republican","Eisenhower","Senate","Republican","Republican",4.4,3140.874
"96","1956/08","Eisenhower",68,"Republican","Eisenhower","Senate","Republican","Republican",4.1,NA
"97","1956/11","Eisenhower",75,"Republican","Eisenhower","Senate","Republican","Republican",4.3,NA
"98","1956/12","Eisenhower",79,"Republican","Eisenhower","Senate","Republican","Republican",4.2,NA
"99","1957/01","Eisenhower",73,"Republican","Eisenhower","Senate","Republican","Republican",4.2,3213.011
"100","1957/02","Eisenhower",72,"Republican","Eisenhower","Senate","Republican","Republican",3.9,NA
"101","1957/03","Eisenhower",65,"Republican","Eisenhower","Senate","Republican","Republican",3.7,NA
"102","1957/04","Eisenhower",65.5,"Republican","Eisenhower","Senate","Republican","Republican",3.9,3205.97
"103","1957/05","Eisenhower",62,"Republican","Eisenhower","Senate","Republican","Republican",4.1,NA
"104","1957/06","Eisenhower",63.5,"Republican","Eisenhower","Senate","Republican","Republican",4.3,NA
"105","1957/07","Eisenhower",65,"Republican","Eisenhower","Senate","Republican","Republican",4.2,3237.386
"106","1957/08","Eisenhower",61,"Republican","Eisenhower","Senate","Republican","Republican",4.1,NA
"107","1957/09","Eisenhower",59,"Republican","Eisenhower","Senate","Republican","Republican",4.4,NA
"108","1957/10","Eisenhower",57,"Republican","Eisenhower","Senate","Republican","Republican",4.5,3203.894
"109","1957/11","Eisenhower",58,"Republican","Eisenhower","Senate","Republican","Republican",5.1,NA
"110","1958/01","Eisenhower",59,"Republican","Eisenhower","Senate","Republican","Republican",5.8,3120.724
"111","1958/02","Eisenhower",54,"Republican","Eisenhower","Senate","Republican","Republican",6.4,NA
"112","1958/03","Eisenhower",49.5,"Republican","Eisenhower","Senate","Republican","Republican",6.7,NA
"113","1958/04","Eisenhower",54,"Republican","Eisenhower","Senate","Republican","Republican",7.4,3141.224
"114","1958/05","Eisenhower",53.5,"Republican","Eisenhower","Senate","Republican","Republican",7.4,NA
"115","1958/07","Eisenhower",55,"Republican","Eisenhower","Senate","Republican","Republican",7.5,3213.884
"116","1958/08","Eisenhower",56,"Republican","Eisenhower","Senate","Republican","Republican",7.4,NA
"117","1958/09","Eisenhower",55.5,"Republican","Eisenhower","Senate","Republican","Republican",7.1,NA
"118","1958/10","Eisenhower",57,"Republican","Eisenhower","Senate","Republican","Republican",6.7,3289.032
"119","1958/11","Eisenhower",52,"Republican","Eisenhower","Senate","Republican","Republican",6.2,NA
"120","1958/12","Eisenhower",57,"Republican","Eisenhower","Senate","Republican","Republican",6.2,NA
"121","1959/01","Eisenhower",57,"Republican","Eisenhower","Senate","Republican","Republican",6,3352.129
"122","1959/02","Eisenhower",59,"Republican","Eisenhower","Senate","Republican","Republican",5.9,NA
"123","1959/03","Eisenhower",58,"Republican","Eisenhower","Senate","Republican","Republican",5.6,NA
"124","1959/04","Eisenhower",61,"Republican","Eisenhower","Senate","Republican","Republican",5.2,3427.667
"125","1959/05","Eisenhower",64,"Republican","Eisenhower","Senate","Republican","Republican",5.1,NA
"126","1959/06","Eisenhower",62,"Republican","Eisenhower","Senate","Republican","Republican",5,NA
"127","1959/07","Eisenhower",61,"Republican","Eisenhower","Senate","Republican","Republican",5.1,3430.057
"128","1959/08","Eisenhower",67,"Republican","Eisenhower","Senate","Republican","Republican",5.2,NA
"129","1959/09","Eisenhower",66,"Republican","Eisenhower","Senate","Republican","Republican",5.5,NA
"130","1959/10","Eisenhower",67,"Republican","Eisenhower","Senate","Republican","Republican",5.7,3439.832
"131","1959/11","Eisenhower",65,"Republican","Eisenhower","Senate","Republican","Republican",5.8,NA
"132","1959/12","Eisenhower",72,"Republican","Eisenhower","Senate","Republican","Republican",5.3,NA
"133","1960/01","Eisenhower",66,"Republican","Eisenhower","Senate","Republican","Republican",5.2,3517.181
"134","1960/02","Eisenhower",64,"Republican","Eisenhower","Senate","Republican","Republican",4.8,NA
"135","1960/03","Eisenhower",64.5,"Republican","Eisenhower","Senate","Republican","Republican",5.4,NA
"136","1960/04","Eisenhower",62,"Republican","Eisenhower","Senate","Republican","Republican",5.2,3498.246
"137","1960/05","Eisenhower",65,"Republican","Eisenhower","Senate","Republican","Republican",5.1,NA
"138","1960/06","Eisenhower",59,"Republican","Eisenhower","Senate","Republican","Republican",5.4,NA
"139","1960/07","Eisenhower",56,"Republican","Eisenhower","Senate","Republican","Republican",5.5,3515.385
"140","1960/08","Eisenhower",62,"Republican","Eisenhower","Senate","Republican","Republican",5.6,NA
"141","1960/09","Eisenhower",61.5,"Republican","Eisenhower","Senate","Republican","Republican",5.5,NA
"142","1960/10","Eisenhower",58,"Republican","Eisenhower","Senate","Republican","Republican",6.1,3470.278
"143","1960/11","Eisenhower",59,"Republican","Eisenhower","Senate","Republican","Republican",6.1,NA
"144","1960/12","Eisenhower",59,"Republican","Eisenhower","Senate","Republican","Republican",6.6,NA
"145","1961/02","Kennedy",72,"Democrat","Kennedy","Senate","Democrat","Democrat",6.9,NA
"146","1961/03","Kennedy",73,"Democrat","Kennedy","Senate","Democrat","Democrat",6.9,NA
"147","1961/04","Kennedy",80.5,"Democrat","Kennedy","Senate","Democrat","Democrat",7,3553.021
"148","1961/05","Kennedy",75.33,"Democrat","Kennedy","Senate","Democrat","Democrat",7.1,NA
"149","1961/06","Kennedy",72,"Democrat","Kennedy","Senate","Democrat","Democrat",6.9,NA
"150","1961/07","Kennedy",75,"Democrat","Kennedy","Senate","Democrat","Democrat",7,3621.252
"151","1961/08","Kennedy",76,"Democrat","Kennedy","Senate","Democrat","Democrat",6.6,NA
"152","1961/09","Kennedy",79,"Democrat","Kennedy","Senate","Democrat","Democrat",6.7,NA
"153","1961/10","Kennedy",77,"Democrat","Kennedy","Senate","Democrat","Democrat",6.5,3692.289
"154","1961/11","Kennedy",79,"Democrat","Kennedy","Senate","Democrat","Democrat",6.1,NA
"155","1961/12","Kennedy",77,"Democrat","Kennedy","Senate","Democrat","Democrat",6,NA
"156","1962/01","Kennedy",79,"Democrat","Kennedy","Senate","Democrat","Democrat",5.8,3758.147
"157","1962/02","Kennedy",78,"Democrat","Kennedy","Senate","Democrat","Democrat",5.5,NA
"158","1962/03","Kennedy",79,"Democrat","Kennedy","Senate","Democrat","Democrat",5.6,NA
"159","1962/04","Kennedy",77,"Democrat","Kennedy","Senate","Democrat","Democrat",5.6,3792.149
"160","1962/05","Kennedy",72.5,"Democrat","Kennedy","Senate","Democrat","Democrat",5.5,NA
"161","1962/06","Kennedy",69,"Democrat","Kennedy","Senate","Democrat","Democrat",5.5,NA
"162","1962/07","Kennedy",66,"Democrat","Kennedy","Senate","Democrat","Democrat",5.4,3838.776
"163","1962/08","Kennedy",67,"Democrat","Kennedy","Senate","Democrat","Democrat",5.7,NA
"164","1962/09","Kennedy",63,"Democrat","Kennedy","Senate","Democrat","Democrat",5.6,NA
"165","1962/10","Kennedy",61,"Democrat","Kennedy","Senate","Democrat","Democrat",5.4,3851.421
"166","1962/11","Kennedy",74,"Democrat","Kennedy","Senate","Democrat","Democrat",5.7,NA
"167","1962/12","Kennedy",76,"Democrat","Kennedy","Senate","Democrat","Democrat",5.5,NA
"168","1963/01","Kennedy",74,"Democrat","Kennedy","Senate","Democrat","Democrat",5.7,3893.482
"169","1963/02","Kennedy",70,"Democrat","Kennedy","Senate","Democrat","Democrat",5.9,NA
"170","1963/03","Kennedy",67,"Democrat","Kennedy","Senate","Democrat","Democrat",5.7,NA
"171","1963/04","Kennedy",66,"Democrat","Kennedy","Senate","Democrat","Democrat",5.7,3937.183
"172","1963/05","Kennedy",64.33,"Democrat","Kennedy","Senate","Democrat","Democrat",5.9,NA
"173","1963/06","Kennedy",61,"Democrat","Kennedy","Senate","Democrat","Democrat",5.6,NA
"174","1963/07","Kennedy",61,"Democrat","Kennedy","Senate","Democrat","Democrat",5.6,4023.755
"175","1963/08","Kennedy",62,"Democrat","Kennedy","Senate","Democrat","Democrat",5.4,NA
"176","1963/09","Kennedy",56,"Democrat","Kennedy","Senate","Democrat","Democrat",5.5,NA
"177","1963/10","Kennedy",58,"Democrat","Kennedy","Senate","Democrat","Democrat",5.5,4050.147
"178","1963/11","Kennedy",58,"Democrat","Kennedy","Senate","Democrat","Democrat",5.7,NA
"179","1963/12","Johnson",76,"Democrat","Kennedy","Senate","Democrat","Democrat",5.5,NA
"180","1964/01","Johnson",76.5,"Democrat","Johnson","Senate","Democrat","Democrat",5.6,4135.553
"181","1964/02","Johnson",76,"Democrat","Johnson","Senate","Democrat","Democrat",5.4,NA
"182","1964/03","Johnson",76,"Democrat","Johnson","Senate","Democrat","Democrat",5.4,NA
"183","1964/04","Johnson",75,"Democrat","Johnson","Senate","Democrat","Democrat",5.3,4180.592
"184","1964/05","Johnson",74.5,"Democrat","Johnson","Senate","Democrat","Democrat",5.1,NA
"185","1964/06","Johnson",74,"Democrat","Johnson","Senate","Democrat","Democrat",5.2,NA
"186","1964/11","Johnson",70,"Democrat","Johnson","Senate","Democrat","Democrat",4.8,NA
"187","1964/12","Johnson",69,"Democrat","Johnson","Senate","Democrat","Democrat",5,NA
"188","1965/01","Johnson",70.5,"Democrat","Johnson","Senate","Democrat","Democrat",4.9,4362.111
"189","1965/02","Johnson",68,"Democrat","Johnson","Senate","Democrat","Democrat",5.1,NA
"190","1965/03","Johnson",68.5,"Democrat","Johnson","Senate","Democrat","Democrat",4.7,NA
"191","1965/04","Johnson",65.5,"Democrat","Johnson","Senate","Democrat","Democrat",4.8,4417.225
"192","1965/05","Johnson",70,"Democrat","Johnson","Senate","Democrat","Democrat",4.6,NA
"193","1965/06","Johnson",67,"Democrat","Johnson","Senate","Democrat","Democrat",4.6,NA
"194","1965/07","Johnson",65,"Democrat","Johnson","Senate","Democrat","Democrat",4.4,4515.427
"195","1965/08","Johnson",64.5,"Democrat","Johnson","Senate","Democrat","Democrat",4.4,NA
"196","1965/09","Johnson",63,"Democrat","Johnson","Senate","Democrat","Democrat",4.3,NA
"197","1965/10","Johnson",65.5,"Democrat","Johnson","Senate","Democrat","Democrat",4.2,4619.458
"198","1965/11","Johnson",62,"Democrat","Johnson","Senate","Democrat","Democrat",4.1,NA
"199","1965/12","Johnson",61,"Democrat","Johnson","Senate","Democrat","Democrat",4,NA
"200","1966/01","Johnson",61,"Democrat","Johnson","Senate","Democrat","Democrat",4,4731.888
"201","1966/02","Johnson",56,"Democrat","Johnson","Senate","Democrat","Democrat",3.8,NA
"202","1966/03","Johnson",57.5,"Democrat","Johnson","Senate","Democrat","Democrat",3.8,NA
"203","1966/04","Johnson",54,"Democrat","Johnson","Senate","Democrat","Democrat",3.8,4748.046
"204","1966/05","Johnson",48,"Democrat","Johnson","Senate","Democrat","Democrat",3.9,NA
"205","1966/06","Johnson",48,"Democrat","Johnson","Senate","Democrat","Democrat",3.8,NA
"206","1966/07","Johnson",53.5,"Democrat","Johnson","Senate","Democrat","Democrat",3.8,4788.254
"207","1966/08","Johnson",47,"Democrat","Johnson","Senate","Democrat","Democrat",3.8,NA
"208","1966/09","Johnson",46,"Democrat","Johnson","Senate","Democrat","Democrat",3.7,NA
"209","1966/10","Johnson",44,"Democrat","Johnson","Senate","Democrat","Democrat",3.7,4827.537
"210","1966/11","Johnson",49,"Democrat","Johnson","Senate","Democrat","Democrat",3.6,NA
"211","1966/12","Johnson",44,"Democrat","Johnson","Senate","Democrat","Democrat",3.8,NA
"212","1967/01","Johnson",46.5,"Democrat","Johnson","Senate","Democrat","Democrat",3.9,4870.299
"213","1967/02","Johnson",45,"Democrat","Johnson","Senate","Democrat","Democrat",3.8,NA
"214","1967/03","Johnson",45.5,"Democrat","Johnson","Senate","Democrat","Democrat",3.8,NA
"215","1967/04","Johnson",48,"Democrat","Johnson","Senate","Democrat","Democrat",3.8,4873.287
"216","1967/05","Johnson",45,"Democrat","Johnson","Senate","Democrat","Democrat",3.8,NA
"217","1967/06","Johnson",47.5,"Democrat","Johnson","Senate","Democrat","Democrat",3.9,NA
"218","1967/07","Johnson",47,"Democrat","Johnson","Senate","Democrat","Democrat",3.8,4919.392
"219","1967/08","Johnson",39.5,"Democrat","Johnson","Senate","Democrat","Democrat",3.8,NA
"220","1967/09","Johnson",38,"Democrat","Johnson","Senate","Democrat","Democrat",3.8,NA
"221","1967/10","Johnson",39.5,"Democrat","Johnson","Senate","Democrat","Democrat",4,4956.477
"222","1967/11","Johnson",42,"Democrat","Johnson","Senate","Democrat","Democrat",3.9,NA
"223","1967/12","Johnson",46,"Democrat","Johnson","Senate","Democrat","Democrat",3.8,NA
"224","1968/01","Johnson",48,"Democrat","Johnson","Senate","Democrat","Democrat",3.7,5057.553
"225","1968/02","Johnson",41,"Democrat","Johnson","Senate","Democrat","Democrat",3.8,NA
"226","1968/03","Johnson",36,"Democrat","Johnson","Senate","Democrat","Democrat",3.7,NA
"227","1968/04","Johnson",50,"Democrat","Johnson","Senate","Democrat","Democrat",3.5,5142.033
"228","1968/05","Johnson",43.5,"Democrat","Johnson","Senate","Democrat","Democrat",3.5,NA
"229","1968/06","Johnson",41,"Democrat","Johnson","Senate","Democrat","Democrat",3.7,NA
"230","1968/07","Johnson",40,"Democrat","Johnson","Senate","Democrat","Democrat",3.7,5181.859
"231","1968/08","Johnson",35,"Democrat","Johnson","Senate","Democrat","Democrat",3.5,NA
"232","1968/09","Johnson",42,"Democrat","Johnson","Senate","Democrat","Democrat",3.4,NA
"233","1968/11","Johnson",43,"Democrat","Johnson","Senate","Democrat","Democrat",3.4,NA
"234","1968/12","Johnson",44,"Democrat","Johnson","Senate","Democrat","Democrat",3.4,NA
"235","1969/01","Johnson",49,"Democrat","Nixon","Senate","Republican","Republican",3.4,5283.597
"236","1969/02","Nixon",60,"Republican","Nixon","Senate","Republican","Republican",3.4,NA
"237","1969/03","Nixon",64,"Republican","Nixon","Senate","Republican","Republican",3.4,NA
"238","1969/04","Nixon",61,"Republican","Nixon","Senate","Republican","Republican",3.4,5299.625
"239","1969/05","Nixon",63,"Republican","Nixon","Senate","Republican","Republican",3.4,NA
"240","1969/06","Nixon",63,"Republican","Nixon","Senate","Republican","Republican",3.5,NA
"241","1969/07","Nixon",61.5,"Republican","Nixon","Senate","Republican","Republican",3.5,5334.6
"242","1969/08","Nixon",62,"Republican","Nixon","Senate","Republican","Republican",3.5,NA
"243","1969/09","Nixon",59,"Republican","Nixon","Senate","Republican","Republican",3.7,NA
"244","1969/10","Nixon",56.5,"Republican","Nixon","Senate","Republican","Republican",3.7,5308.556
"245","1969/11","Nixon",67,"Republican","Nixon","Senate","Republican","Republican",3.5,NA
"246","1969/12","Nixon",59,"Republican","Nixon","Senate","Republican","Republican",3.5,NA
"247","1970/01","Nixon",62.67,"Republican","Nixon","Senate","Republican","Republican",3.9,5300.652
"248","1970/02","Nixon",56,"Republican","Nixon","Senate","Republican","Republican",4.2,NA
"249","1970/03","Nixon",53.5,"Republican","Nixon","Senate","Republican","Republican",4.4,NA
"250","1970/04","Nixon",56.5,"Republican","Nixon","Senate","Republican","Republican",4.6,5308.164
"251","1970/05","Nixon",59,"Republican","Nixon","Senate","Republican","Republican",4.8,NA
"252","1970/06","Nixon",55,"Republican","Nixon","Senate","Republican","Republican",4.9,NA
"253","1970/07","Nixon",58,"Republican","Nixon","Senate","Republican","Republican",5,5357.077
"254","1970/08","Nixon",55,"Republican","Nixon","Senate","Republican","Republican",5.1,NA
"255","1970/09","Nixon",54,"Republican","Nixon","Senate","Republican","Republican",5.4,NA
"256","1970/10","Nixon",58,"Republican","Nixon","Senate","Republican","Republican",5.5,5299.672
"257","1970/11","Nixon",57,"Republican","Nixon","Senate","Republican","Republican",5.9,NA
"258","1970/12","Nixon",52,"Republican","Nixon","Senate","Republican","Republican",6.1,NA
"259","1971/01","Nixon",56,"Republican","Nixon","Senate","Republican","Republican",5.9,5443.619
"260","1971/02","Nixon",49,"Republican","Nixon","Senate","Republican","Republican",5.9,NA
"261","1971/03","Nixon",50,"Republican","Nixon","Senate","Republican","Republican",6,NA
"262","1971/04","Nixon",49.5,"Republican","Nixon","Senate","Republican","Republican",5.9,5473.059
"263","1971/05","Nixon",50,"Republican","Nixon","Senate","Republican","Republican",5.9,NA
"264","1971/06","Nixon",48,"Republican","Nixon","Senate","Republican","Republican",5.9,NA
"265","1971/07","Nixon",50,"Republican","Nixon","Senate","Republican","Republican",6,5518.072
"266","1971/08","Nixon",49,"Republican","Nixon","Senate","Republican","Republican",6.1,NA
"267","1971/10","Nixon",50.5,"Republican","Nixon","Senate","Republican","Republican",5.8,5531.032
"268","1971/12","Nixon",50,"Republican","Nixon","Senate","Republican","Republican",6,NA
"269","1972/01","Nixon",49,"Republican","Nixon","Senate","Republican","Republican",5.8,5632.649
"270","1972/02","Nixon",52,"Republican","Nixon","Senate","Republican","Republican",5.7,NA
"271","1972/03","Nixon",54.5,"Republican","Nixon","Senate","Republican","Republican",5.8,NA
"272","1972/04","Nixon",54,"Republican","Nixon","Senate","Republican","Republican",5.7,5760.47
"273","1972/05","Nixon",62,"Republican","Nixon","Senate","Republican","Republican",5.7,NA
"274","1972/06","Nixon",57.5,"Republican","Nixon","Senate","Republican","Republican",5.7,NA
"275","1972/11","Nixon",62,"Republican","Nixon","Senate","Republican","Republican",5.3,NA
"276","1972/12","Nixon",59,"Republican","Nixon","Senate","Republican","Republican",5.2,NA
"277","1973/01","Nixon",59,"Republican","Nixon","Senate","Republican","Republican",4.9,6058.544
"278","1973/02","Nixon",65,"Republican","Nixon","Senate","Republican","Republican",5,NA
"279","1973/03","Nixon",57,"Republican","Nixon","Senate","Republican","Republican",4.9,NA
"280","1973/04","Nixon",51,"Republican","Nixon","Senate","Republican","Republican",5,6124.506
"281","1973/05","Nixon",44.5,"Republican","Nixon","Senate","Republican","Republican",4.9,NA
"282","1973/06","Nixon",44,"Republican","Nixon","Senate","Republican","Republican",4.9,NA
"283","1973/07","Nixon",39,"Republican","Nixon","Senate","Republican","Republican",4.8,6092.301
"284","1973/08","Nixon",33.5,"Republican","Nixon","Senate","Republican","Republican",4.8,NA
"285","1973/09","Nixon",33.5,"Republican","Nixon","Senate","Republican","Republican",4.8,NA
"286","1973/10","Nixon",28.5,"Republican","Nixon","Senate","Republican","Republican",4.6,6150.131
"287","1973/11","Nixon",29,"Republican","Nixon","Senate","Republican","Republican",4.8,NA
"288","1973/12","Nixon",29,"Republican","Nixon","Senate","Republican","Republican",4.9,NA
"289","1974/01","Nixon",26.5,"Republican","Nixon","Senate","Republican","Republican",5.1,6097.258
"290","1974/02","Nixon",26.67,"Republican","Nixon","Senate","Republican","Republican",5.2,NA
"291","1974/03","Nixon",26,"Republican","Nixon","Senate","Republican","Republican",5.1,NA
"292","1974/04","Nixon",25.5,"Republican","Nixon","Senate","Republican","Republican",5.1,6111.751
"293","1974/05","Nixon",26,"Republican","Nixon","Senate","Republican","Republican",5.1,NA
"294","1974/06","Nixon",27,"Republican","Nixon","Senate","Republican","Republican",5.4,NA
"295","1974/07","Nixon",24,"Republican","Nixon","Senate","Republican","Republican",5.5,6053.978
"296","1974/08","Nixon",24,"Republican","Nixon","Senate","Republican","Republican",5.5,NA
"297","1974/09","Ford",58,"Republican","Ford","Senate","Republican","Republican",5.9,NA
"298","1974/10","Ford",53,"Republican","Ford","Senate","Republican","Republican",6,6030.464
"299","1974/11","Ford",47.5,"Republican","Ford","Senate","Republican","Republican",6.6,NA
"300","1974/12","Ford",42,"Republican","Ford","Senate","Republican","Republican",7.2,NA
"301","1975/01","Ford",38,"Republican","Ford","Senate","Republican","Republican",8.1,5957.035
"302","1975/02","Ford",39,"Republican","Ford","Senate","Republican","Republican",8.1,NA
"303","1975/03","Ford",37.5,"Republican","Ford","Senate","Republican","Republican",8.6,NA
"304","1975/04","Ford",41.5,"Republican","Ford","Senate","Republican","Republican",8.8,5999.61
"305","1975/05","Ford",45.5,"Republican","Ford","Senate","Republican","Republican",9,NA
"306","1975/06","Ford",52,"Republican","Ford","Senate","Republican","Republican",8.8,NA
"307","1975/08","Ford",45.5,"Republican","Ford","Senate","Republican","Republican",8.4,NA
"308","1975/09","Ford",45,"Republican","Ford","Senate","Republican","Republican",8.4,NA
"309","1975/10","Ford",46,"Republican","Ford","Senate","Republican","Republican",8.4,6184.53
"310","1975/11","Ford",41,"Republican","Ford","Senate","Republican","Republican",8.3,NA
"311","1975/12","Ford",42.5,"Republican","Ford","Senate","Republican","Republican",8.2,NA
"312","1976/01","Ford",45.67,"Republican","Ford","Senate","Republican","Republican",7.9,6323.649
"313","1976/02","Ford",48,"Republican","Ford","Senate","Republican","Republican",7.7,NA
"314","1976/03","Ford",50,"Republican","Ford","Senate","Republican","Republican",7.6,NA
"315","1976/04","Ford",48,"Republican","Ford","Senate","Republican","Republican",7.7,6370.025
"316","1976/05","Ford",47,"Republican","Ford","Senate","Republican","Republican",7.4,NA
"317","1976/06","Ford",45,"Republican","Ford","Senate","Republican","Republican",7.6,NA
"318","1976/12","Ford",53,"Republican","Ford","Senate","Republican","Republican",7.8,NA
"319","1977/02","Carter",68.5,"Democrat","Carter","Senate","Democrat","Democrat",7.6,NA
"320","1977/03","Carter",72.33,"Democrat","Carter","Senate","Democrat","Democrat",7.4,NA
"321","1977/04","Carter",64.33,"Democrat","Carter","Senate","Democrat","Democrat",7.2,6654.466
"322","1977/05","Carter",65,"Democrat","Carter","Senate","Democrat","Democrat",7,NA
"323","1977/06","Carter",63,"Democrat","Carter","Senate","Democrat","Democrat",7.2,NA
"324","1977/07","Carter",64.5,"Democrat","Carter","Senate","Democrat","Democrat",6.9,6774.457
"325","1977/08","Carter",63,"Democrat","Carter","Senate","Democrat","Democrat",7,NA
"326","1977/09","Carter",56.5,"Democrat","Carter","Senate","Democrat","Democrat",6.8,NA
"327","1977/10","Carter",53.33,"Democrat","Carter","Senate","Democrat","Democrat",6.8,6774.592
"328","1977/11","Carter",55.5,"Democrat","Carter","Senate","Democrat","Democrat",6.8,NA
"329","1977/12","Carter",57,"Democrat","Carter","Senate","Democrat","Democrat",6.4,NA
"330","1978/01","Carter",53.5,"Democrat","Carter","Senate","Democrat","Democrat",6.4,6796.26
"331","1978/02","Carter",48.5,"Democrat","Carter","Senate","Democrat","Democrat",6.3,NA
"332","1978/03","Carter",49,"Democrat","Carter","Senate","Democrat","Democrat",6.3,NA
"333","1978/04","Carter",40.5,"Democrat","Carter","Senate","Democrat","Democrat",6.1,7058.92
"334","1978/05","Carter",42,"Democrat","Carter","Senate","Democrat","Democrat",6,NA
"335","1978/06","Carter",43,"Democrat","Carter","Senate","Democrat","Democrat",5.9,NA
"336","1978/07","Carter",39.5,"Democrat","Carter","Senate","Democrat","Democrat",6.2,7129.915
"337","1978/08","Carter",40.67,"Democrat","Carter","Senate","Democrat","Democrat",5.9,NA
"338","1978/09","Carter",45,"Democrat","Carter","Senate","Democrat","Democrat",6,NA
"339","1978/10","Carter",49,"Democrat","Carter","Senate","Democrat","Democrat",5.8,7225.75
"340","1978/11","Carter",52,"Democrat","Carter","Senate","Democrat","Democrat",5.9,NA
"341","1978/12","Carter",50.5,"Democrat","Carter","Senate","Democrat","Democrat",6,NA
"342","1979/01","Carter",46.5,"Democrat","Carter","Senate","Democrat","Democrat",5.9,7238.727
"343","1979/02","Carter",39.5,"Democrat","Carter","Senate","Democrat","Democrat",5.9,NA
"344","1979/03","Carter",42.67,"Democrat","Carter","Senate","Democrat","Democrat",5.8,NA
"345","1979/04","Carter",40,"Democrat","Carter","Senate","Democrat","Democrat",5.8,7246.454
"346","1979/05","Carter",34.5,"Democrat","Carter","Senate","Democrat","Democrat",5.6,NA
"347","1979/06","Carter",28.67,"Democrat","Carter","Senate","Democrat","Democrat",5.7,NA
"348","1979/07","Carter",29,"Democrat","Carter","Senate","Democrat","Democrat",5.7,7300.281
"349","1979/08","Carter",32.33,"Democrat","Carter","Senate","Democrat","Democrat",6,NA
"350","1979/09","Carter",31.5,"Democrat","Carter","Senate","Democrat","Democrat",5.9,NA
"351","1979/10","Carter",30,"Democrat","Carter","Senate","Democrat","Democrat",6,7318.535
"352","1979/11","Carter",40.33,"Democrat","Carter","Senate","Democrat","Democrat",5.9,NA
"353","1979/12","Carter",54,"Democrat","Carter","Senate","Democrat","Democrat",6,NA
"354","1980/01","Carter",57,"Democrat","Carter","Senate","Democrat","Democrat",6.3,7341.557
"355","1980/02","Carter",53.5,"Democrat","Carter","Senate","Democrat","Democrat",6.3,NA
"356","1980/03","Carter",41,"Democrat","Carter","Senate","Democrat","Democrat",6.3,NA
"357","1980/04","Carter",39,"Democrat","Carter","Senate","Democrat","Democrat",6.9,7190.289
"358","1980/05","Carter",39.67,"Democrat","Carter","Senate","Democrat","Democrat",7.5,NA
"359","1980/06","Carter",31.5,"Democrat","Carter","Senate","Democrat","Democrat",7.6,NA
"360","1980/07","Carter",33,"Democrat","Carter","Senate","Democrat","Democrat",7.8,7181.743
"361","1980/08","Carter",32,"Democrat","Carter","Senate","Democrat","Democrat",7.7,NA
"362","1980/09","Carter",37,"Democrat","Carter","Senate","Democrat","Democrat",7.5,NA
"363","1980/11","Carter",31,"Democrat","Carter","Senate","Democrat","Democrat",7.5,NA
"364","1980/12","Carter",34,"Democrat","Carter","Senate","Democrat","Democrat",7.2,NA
"365","1981/01","Reagan",51,"Republican","Reagan","Senate","Republican","Republican",7.5,7459.022
"366","1981/02","Reagan",55,"Republican","Reagan","Senate","Republican","Republican",7.4,NA
"367","1981/03","Reagan",60,"Republican","Reagan","Senate","Republican","Republican",7.4,NA
"368","1981/04","Reagan",67,"Republican","Reagan","Senate","Republican","Republican",7.2,7403.745
"369","1981/05","Reagan",68,"Republican","Reagan","Senate","Republican","Republican",7.5,NA
"370","1981/06","Reagan",58.67,"Republican","Reagan","Senate","Republican","Republican",7.5,NA
"371","1981/07","Reagan",58.67,"Republican","Reagan","Senate","Republican","Republican",7.2,7492.405
"372","1981/08","Reagan",60,"Republican","Reagan","Senate","Republican","Republican",7.4,NA
"373","1981/10","Reagan",54.5,"Republican","Reagan","Senate","Republican","Republican",7.9,7410.768
"374","1981/11","Reagan",51.5,"Republican","Reagan","Senate","Republican","Republican",8.3,NA
"375","1981/12","Reagan",49,"Republican","Reagan","Senate","Republican","Republican",8.5,NA
"376","1982/01","Reagan",48,"Republican","Reagan","Senate","Republican","Republican",8.6,7295.631
"377","1982/02","Reagan",47,"Republican","Reagan","Senate","Republican","Republican",8.9,NA
"378","1982/03","Reagan",46,"Republican","Reagan","Senate","Republican","Republican",9,NA
"379","1982/04","Reagan",44,"Republican","Reagan","Senate","Republican","Republican",9.3,7328.912
"380","1982/05","Reagan",45,"Republican","Reagan","Senate","Republican","Republican",9.4,NA
"381","1982/06","Reagan",44.5,"Republican","Reagan","Senate","Republican","Republican",9.6,NA
"382","1982/07","Reagan",41.5,"Republican","Reagan","Senate","Republican","Republican",9.8,7300.896
"383","1982/08","Reagan",41.5,"Republican","Reagan","Senate","Republican","Republican",9.8,NA
"384","1982/09","Reagan",42,"Republican","Reagan","Senate","Republican","Republican",10.1,NA
"385","1982/10","Reagan",42,"Republican","Reagan","Senate","Republican","Republican",10.4,7303.817
"386","1982/11","Reagan",43,"Republican","Reagan","Senate","Republican","Republican",10.8,NA
"387","1982/12","Reagan",41,"Republican","Reagan","Senate","Republican","Republican",10.8,NA
"388","1983/01","Reagan",36.33,"Republican","Reagan","Senate","Republican","Republican",10.4,7400.066
"389","1983/02","Reagan",40,"Republican","Reagan","Senate","Republican","Republican",10.4,NA
"390","1983/03","Reagan",41,"Republican","Reagan","Senate","Republican","Republican",10.3,NA
"391","1983/04","Reagan",42,"Republican","Reagan","Senate","Republican","Republican",10.2,7568.456
"392","1983/05","Reagan",44.5,"Republican","Reagan","Senate","Republican","Republican",10.1,NA
"393","1983/06","Reagan",45,"Republican","Reagan","Senate","Republican","Republican",10.1,NA
"394","1983/07","Reagan",43,"Republican","Reagan","Senate","Republican","Republican",9.4,7719.746
"395","1983/08","Reagan",43.33,"Republican","Reagan","Senate","Republican","Republican",9.5,NA
"396","1983/09","Reagan",47,"Republican","Reagan","Senate","Republican","Republican",9.2,NA
"397","1983/10","Reagan",47,"Republican","Reagan","Senate","Republican","Republican",8.8,7880.794
"398","1983/11","Reagan",53,"Republican","Reagan","Senate","Republican","Republican",8.5,NA
"399","1983/12","Reagan",54,"Republican","Reagan","Senate","Republican","Republican",8.3,NA
"400","1984/01","Reagan",53.5,"Republican","Reagan","Senate","Republican","Republican",8,8034.847
"401","1984/02","Reagan",55,"Republican","Reagan","Senate","Republican","Republican",7.8,NA
"402","1984/03","Reagan",54,"Republican","Reagan","Senate","Republican","Republican",7.8,NA
"403","1984/04","Reagan",54,"Republican","Reagan","Senate","Republican","Republican",7.7,8173.67
"404","1984/05","Reagan",53,"Republican","Reagan","Senate","Republican","Republican",7.4,NA
"405","1984/06","Reagan",54,"Republican","Reagan","Senate","Republican","Republican",7.2,NA
"406","1984/07","Reagan",53.67,"Republican","Reagan","Senate","Republican","Republican",7.5,8252.465
"407","1984/08","Reagan",54,"Republican","Reagan","Senate","Republican","Republican",7.5,NA
"408","1984/09","Reagan",56,"Republican","Reagan","Senate","Republican","Republican",7.3,NA
"409","1984/10","Reagan",58,"Republican","Reagan","Senate","Republican","Republican",7.4,8320.199
"410","1984/11","Reagan",61.5,"Republican","Reagan","Senate","Republican","Republican",7.2,NA
"411","1984/12","Reagan",59,"Republican","Reagan","Senate","Republican","Republican",7.3,NA
"412","1985/01","Reagan",63,"Republican","Reagan","Senate","Republican","Republican",7.3,8400.82
"413","1985/02","Reagan",60,"Republican","Reagan","Senate","Republican","Republican",7.2,NA
"414","1985/03","Reagan",56,"Republican","Reagan","Senate","Republican","Republican",7.2,NA
"415","1985/04","Reagan",52,"Republican","Reagan","Senate","Republican","Republican",7.3,8474.787
"416","1985/05","Reagan",55,"Republican","Reagan","Senate","Republican","Republican",7.2,NA
"417","1985/06","Reagan",58,"Republican","Reagan","Senate","Republican","Republican",7.4,NA
"418","1985/07","Reagan",63,"Republican","Reagan","Senate","Republican","Republican",7.4,8604.22
"419","1985/08","Reagan",61,"Republican","Reagan","Senate","Republican","Republican",7.1,NA
"420","1985/09","Reagan",60,"Republican","Reagan","Senate","Republican","Republican",7.1,NA
"421","1985/10","Reagan",63,"Republican","Reagan","Senate","Republican","Republican",7.1,8668.188
"422","1985/11","Reagan",63.5,"Republican","Reagan","Senate","Republican","Republican",7,NA
"423","1985/12","Reagan",63,"Republican","Reagan","Senate","Republican","Republican",7,NA
"424","1986/01","Reagan",64,"Republican","Reagan","Senate","Republican","Republican",6.7,8749.127
"425","1986/03","Reagan",63,"Republican","Reagan","Senate","Republican","Republican",7.2,NA
"426","1986/04","Reagan",62,"Republican","Reagan","Senate","Republican","Republican",7.1,8788.524
"427","1986/05","Reagan",68,"Republican","Reagan","Senate","Republican","Republican",7.2,NA
"428","1986/06","Reagan",62.5,"Republican","Reagan","Senate","Republican","Republican",7.2,NA
"429","1986/07","Reagan",63,"Republican","Reagan","Senate","Republican","Republican",7,8872.601
"430","1986/08","Reagan",61,"Republican","Reagan","Senate","Republican","Republican",6.9,NA
"431","1986/09","Reagan",62,"Republican","Reagan","Senate","Republican","Republican",7,NA
"432","1986/10","Reagan",63,"Republican","Reagan","Senate","Republican","Republican",7,8920.193
"433","1986/12","Reagan",47.5,"Republican","Reagan","Senate","Republican","Republican",6.6,NA
"434","1987/01","Reagan",48,"Republican","Reagan","Senate","Republican","Republican",6.6,8986.367
"435","1987/03","Reagan",45,"Republican","Reagan","Senate","Republican","Republican",6.6,NA
"436","1987/04","Reagan",48,"Republican","Reagan","Senate","Republican","Republican",6.3,9083.256
"437","1987/06","Reagan",50,"Republican","Reagan","Senate","Republican","Republican",6.2,NA
"438","1987/07","Reagan",49,"Republican","Reagan","Senate","Republican","Republican",6.1,9162.024
"439","1987/08","Reagan",47,"Republican","Reagan","Senate","Republican","Republican",6,NA
"440","1987/10","Reagan",51,"Republican","Reagan","Senate","Republican","Republican",6,9319.332
"441","1987/12","Reagan",49,"Republican","Reagan","Senate","Republican","Republican",5.7,NA
"442","1988/01","Reagan",49,"Republican","Reagan","Senate","Republican","Republican",5.7,9367.502
"443","1988/03","Reagan",50.5,"Republican","Reagan","Senate","Republican","Republican",5.7,NA
"444","1988/04","Reagan",50,"Republican","Reagan","Senate","Republican","Republican",5.4,9490.594
"445","1988/05","Reagan",49,"Republican","Reagan","Senate","Republican","Republican",5.6,NA
"446","1988/06","Reagan",49.5,"Republican","Reagan","Senate","Republican","Republican",5.4,NA
"447","1988/07","Reagan",52.5,"Republican","Reagan","Senate","Republican","Republican",5.4,9546.206
"448","1988/08","Reagan",53,"Republican","Reagan","Senate","Republican","Republican",5.6,NA
"449","1988/09","Reagan",54,"Republican","Reagan","Senate","Republican","Republican",5.4,NA
"450","1988/10","Reagan",51,"Republican","Reagan","Senate","Republican","Republican",5.4,9673.405
"451","1988/11","Reagan",57,"Republican","Reagan","Senate","Republican","Republican",5.3,NA
"452","1988/12","Reagan",63,"Republican","Reagan","Senate","Republican","Republican",5.3,NA
"453","1989/01","Bush",51,"Republican","Bush","Senate","Republican","Republican",5.4,9771.725
"454","1989/02","Bush",63,"Republican","Bush","Senate","Republican","Republican",5.2,NA
"455","1989/03","Bush",56,"Republican","Bush","Senate","Republican","Republican",5,NA
"456","1989/04","Bush",58,"Republican","Bush","Senate","Republican","Republican",5.2,9846.293
"457","1989/05","Bush",59.5,"Republican","Bush","Senate","Republican","Republican",5.2,NA
"458","1989/06","Bush",70,"Republican","Bush","Senate","Republican","Republican",5.3,NA
"459","1989/07","Bush",66,"Republican","Bush","Senate","Republican","Republican",5.2,9919.228
"460","1989/08","Bush",69,"Republican","Bush","Senate","Republican","Republican",5.2,NA
"461","1989/09","Bush",70,"Republican","Bush","Senate","Republican","Republican",5.3,NA
"462","1989/10","Bush",68,"Republican","Bush","Senate","Republican","Republican",5.3,9938.767
"463","1989/11","Bush",70,"Republican","Bush","Senate","Republican","Republican",5.4,NA
"464","1989/12","Bush",71,"Republican","Bush","Senate","Republican","Republican",5.4,NA
"465","1990/01","Bush",80,"Republican","Bush","Senate","Republican","Republican",5.4,10047.386
"466","1990/02","Bush",73,"Republican","Bush","Senate","Republican","Republican",5.3,NA
"467","1990/03","Bush",71,"Republican","Bush","Senate","Republican","Republican",5.2,NA
"468","1990/04","Bush",67.5,"Republican","Bush","Senate","Republican","Republican",5.4,10083.855
"469","1990/05","Bush",65,"Republican","Bush","Senate","Republican","Republican",5.4,NA
"470","1990/06","Bush",68,"Republican","Bush","Senate","Republican","Republican",5.2,NA
"471","1990/07","Bush",61.5,"Republican","Bush","Senate","Republican","Republican",5.5,10090.569
"472","1990/08","Bush",74.75,"Republican","Bush","Senate","Republican","Republican",5.7,NA
"473","1990/09","Bush",72,"Republican","Bush","Senate","Republican","Republican",5.9,NA
"474","1990/10","Bush",57.25,"Republican","Bush","Senate","Republican","Republican",5.9,9998.704
"475","1990/11","Bush",57.75,"Republican","Bush","Senate","Republican","Republican",6.2,NA
"476","1990/12","Bush",60.5,"Republican","Bush","Senate","Republican","Republican",6.3,NA
"477","1991/01","Bush",74.83,"Republican","Bush","Senate","Republican","Republican",6.4,9951.916
"478","1991/02","Bush",82,"Republican","Bush","Senate","Republican","Republican",6.6,NA
"479","1991/03","Bush",84.75,"Republican","Bush","Senate","Republican","Republican",6.8,NA
"480","1991/04","Bush",78.67,"Republican","Bush","Senate","Republican","Republican",6.7,10029.51
"481","1991/05","Bush",75.25,"Republican","Bush","Senate","Republican","Republican",6.9,NA
"482","1991/06","Bush",71.5,"Republican","Bush","Senate","Republican","Republican",6.9,NA
"483","1991/07","Bush",71,"Republican","Bush","Senate","Republican","Republican",6.8,10080.195
"484","1991/08","Bush",71.33,"Republican","Bush","Senate","Republican","Republican",6.9,NA
"485","1991/09","Bush",68,"Republican","Bush","Senate","Republican","Republican",6.9,NA
"486","1991/10","Bush",63.6,"Republican","Bush","Senate","Republican","Republican",7,10115.329
"487","1991/11","Bush",54.67,"Republican","Bush","Senate","Republican","Republican",7,NA
"488","1991/12","Bush",51,"Republican","Bush","Senate","Republican","Republican",7.3,NA
"489","1992/01","Bush",46.33,"Republican","Bush","Senate","Republican","Republican",7.3,10236.435
"490","1992/02","Bush",41.33,"Republican","Bush","Senate","Republican","Republican",7.4,NA
"491","1992/03","Bush",41.33,"Republican","Bush","Senate","Republican","Republican",7.4,NA
"492","1992/04","Bush",40.5,"Republican","Bush","Senate","Republican","Republican",7.4,10347.429
"493","1992/05","Bush",40.5,"Republican","Bush","Senate","Republican","Republican",7.6,NA
"494","1992/06","Bush",37.33,"Republican","Bush","Senate","Republican","Republican",7.8,NA
"495","1992/07","Bush",30.5,"Republican","Bush","Senate","Republican","Republican",7.7,10449.673
"496","1992/08","Bush",38,"Republican","Bush","Senate","Republican","Republican",7.6,NA
"497","1992/09","Bush",37.5,"Republican","Bush","Senate","Republican","Republican",7.6,NA
"498","1992/10","Bush",33.5,"Republican","Bush","Senate","Republican","Republican",7.3,10558.648
"499","1992/11","Bush",43,"Republican","Bush","Senate","Republican","Republican",7.4,NA
"500","1992/12","Bush",49,"Republican","Bush","Senate","Republican","Republican",7.4,NA
"501","1993/01","Bush",56,"Republican","Clinton","Senate","Democrat","Democrat",7.3,10576.275
"502","1993/02","Clinton",55,"Democrat","Clinton","Senate","Democrat","Democrat",7.1,NA
"503","1993/03","Clinton",52.5,"Democrat","Clinton","Senate","Democrat","Democrat",7,NA
"504","1993/04","Clinton",55,"Democrat","Clinton","Senate","Democrat","Democrat",7.1,10637.847
"505","1993/05","Clinton",44.5,"Democrat","Clinton","Senate","Democrat","Democrat",7.1,NA
"506","1993/06","Clinton",40.67,"Democrat","Clinton","Senate","Democrat","Democrat",7,NA
"507","1993/07","Clinton",43,"Democrat","Clinton","Senate","Democrat","Democrat",6.9,10688.606
"508","1993/08","Clinton",44,"Democrat","Clinton","Senate","Democrat","Democrat",6.8,NA
"509","1993/09","Clinton",49.67,"Democrat","Clinton","Senate","Democrat","Democrat",6.7,NA
"510","1993/10","Clinton",48.33,"Democrat","Clinton","Senate","Democrat","Democrat",6.8,10833.987
"511","1993/11","Clinton",48.67,"Democrat","Clinton","Senate","Democrat","Democrat",6.6,NA
"512","1993/12","Clinton",53,"Democrat","Clinton","Senate","Democrat","Democrat",6.5,NA
"513","1994/01","Clinton",55.33,"Democrat","Clinton","Senate","Democrat","Democrat",6.6,10939.116
"514","1994/02","Clinton",53,"Democrat","Clinton","Senate","Democrat","Democrat",6.6,NA
"515","1994/03","Clinton",50.75,"Democrat","Clinton","Senate","Democrat","Democrat",6.5,NA
"516","1994/04","Clinton",49.5,"Democrat","Clinton","Senate","Democrat","Democrat",6.4,11087.361
"517","1994/05","Clinton",51,"Democrat","Clinton","Senate","Democrat","Democrat",6.1,NA
"518","1994/06","Clinton",46.33,"Democrat","Clinton","Senate","Democrat","Democrat",6.1,NA
"519","1994/07","Clinton",42.5,"Democrat","Clinton","Senate","Democrat","Democrat",6.1,11152.176
"520","1994/08","Clinton",41,"Democrat","Clinton","Senate","Democrat","Democrat",6,NA
"521","1994/09","Clinton",41.67,"Democrat","Clinton","Senate","Democrat","Democrat",5.9,NA
"522","1994/10","Clinton",43.67,"Democrat","Clinton","Senate","Democrat","Democrat",5.8,11279.932
"523","1994/11","Clinton",44.5,"Democrat","Clinton","Senate","Democrat","Democrat",5.6,NA
"524","1994/12","Clinton",41.33,"Democrat","Clinton","Senate","Democrat","Democrat",5.5,NA
"525","1995/01","Clinton",47,"Democrat","Clinton","Senate","Democrat","Democrat",5.6,11319.951
"526","1995/02","Clinton",45.5,"Democrat","Clinton","Senate","Democrat","Democrat",5.4,NA
"527","1995/03","Clinton",45,"Democrat","Clinton","Senate","Democrat","Democrat",5.4,NA
"528","1995/04","Clinton",48,"Democrat","Clinton","Senate","Democrat","Democrat",5.8,11353.721
"529","1995/05","Clinton",51,"Democrat","Clinton","Senate","Democrat","Democrat",5.6,NA
"530","1995/06","Clinton",47,"Democrat","Clinton","Senate","Democrat","Democrat",5.6,NA
"531","1995/07","Clinton",47,"Democrat","Clinton","Senate","Democrat","Democrat",5.7,11450.31
"532","1995/08","Clinton",46,"Democrat","Clinton","Senate","Democrat","Democrat",5.7,NA
"533","1995/09","Clinton",46,"Democrat","Clinton","Senate","Democrat","Democrat",5.6,NA
"534","1995/10","Clinton",47.5,"Democrat","Clinton","Senate","Democrat","Democrat",5.5,11528.067
"535","1995/11","Clinton",52.5,"Democrat","Clinton","Senate","Democrat","Democrat",5.6,NA
"536","1995/12","Clinton",51,"Democrat","Clinton","Senate","Democrat","Democrat",5.6,NA
"537","1996/01","Clinton",46.67,"Democrat","Clinton","Senate","Democrat","Democrat",5.6,11614.418
"538","1996/02","Clinton",53,"Democrat","Clinton","Senate","Democrat","Democrat",5.5,NA
"539","1996/03","Clinton",53,"Democrat","Clinton","Senate","Democrat","Democrat",5.5,NA
"540","1996/04","Clinton",55,"Democrat","Clinton","Senate","Democrat","Democrat",5.6,11808.14
"541","1996/05","Clinton",54,"Democrat","Clinton","Senate","Democrat","Democrat",5.6,NA
"542","1996/06","Clinton",55,"Democrat","Clinton","Senate","Democrat","Democrat",5.3,NA
"543","1996/07","Clinton",57.5,"Democrat","Clinton","Senate","Democrat","Democrat",5.5,11914.063
"544","1996/08","Clinton",55.5,"Democrat","Clinton","Senate","Democrat","Democrat",5.1,NA
"545","1996/09","Clinton",60,"Democrat","Clinton","Senate","Democrat","Democrat",5.2,NA
"546","1996/10","Clinton",56.33,"Democrat","Clinton","Senate","Democrat","Democrat",5.2,12037.775
"547","1996/11","Clinton",58,"Democrat","Clinton","Senate","Democrat","Democrat",5.4,NA
"548","1996/12","Clinton",58,"Democrat","Clinton","Senate","Democrat","Democrat",5.4,NA
"549","1997/01","Clinton",60,"Democrat","Clinton","Senate","Democrat","Democrat",5.3,12115.472
"550","1997/02","Clinton",57,"Democrat","Clinton","Senate","Democrat","Democrat",5.2,NA
"551","1997/03","Clinton",59,"Democrat","Clinton","Senate","Democrat","Democrat",5.2,NA
"552","1997/04","Clinton",54,"Democrat","Clinton","Senate","Democrat","Democrat",5.1,12317.221
"553","1997/05","Clinton",57,"Democrat","Clinton","Senate","Democrat","Democrat",4.9,NA
"554","1997/06","Clinton",55,"Democrat","Clinton","Senate","Democrat","Democrat",5,NA
"555","1997/07","Clinton",58,"Democrat","Clinton","Senate","Democrat","Democrat",4.9,12471.01
"556","1997/08","Clinton",60.5,"Democrat","Clinton","Senate","Democrat","Democrat",4.8,NA
"557","1997/09","Clinton",59.5,"Democrat","Clinton","Senate","Democrat","Democrat",4.9,NA
"558","1997/10","Clinton",57,"Democrat","Clinton","Senate","Democrat","Democrat",4.7,12577.495
"559","1997/11","Clinton",60,"Democrat","Clinton","Senate","Democrat","Democrat",4.6,NA
"560","1997/12","Clinton",56,"Democrat","Clinton","Senate","Democrat","Democrat",4.7,NA
"561","1998/01","Clinton",60.83,"Democrat","Clinton","Senate","Democrat","Democrat",4.6,12703.742
"562","1998/02","Clinton",66,"Democrat","Clinton","Senate","Democrat","Democrat",4.6,NA
"563","1998/03","Clinton",64.5,"Democrat","Clinton","Senate","Democrat","Democrat",4.7,NA
"564","1998/04","Clinton",63,"Democrat","Clinton","Senate","Democrat","Democrat",4.3,12821.339
"565","1998/05","Clinton",64,"Democrat","Clinton","Senate","Democrat","Democrat",4.4,NA
"566","1998/06","Clinton",60,"Democrat","Clinton","Senate","Democrat","Democrat",4.5,NA
"567","1998/07","Clinton",62,"Democrat","Clinton","Senate","Democrat","Democrat",4.5,12982.752
"568","1998/08","Clinton",63.67,"Democrat","Clinton","Senate","Democrat","Democrat",4.5,NA
"569","1998/09","Clinton",64,"Democrat","Clinton","Senate","Democrat","Democrat",4.6,NA
"570","1998/10","Clinton",64.75,"Democrat","Clinton","Senate","Democrat","Democrat",4.5,13191.67
"571","1998/11","Clinton",66,"Democrat","Clinton","Senate","Democrat","Democrat",4.4,NA
"572","1998/12","Clinton",66.5,"Democrat","Clinton","Senate","Democrat","Democrat",4.4,NA
"573","1999/01","Clinton",68.33,"Democrat","Clinton","Senate","Democrat","Democrat",4.3,13315.597
"574","1999/02","Clinton",66.25,"Democrat","Clinton","Senate","Democrat","Democrat",4.4,NA
"575","1999/03","Clinton",64.5,"Democrat","Clinton","Senate","Democrat","Democrat",4.2,NA
"576","1999/04","Clinton",59.75,"Democrat","Clinton","Senate","Democrat","Democrat",4.3,13426.748
"577","1999/05","Clinton",56.5,"Democrat","Clinton","Senate","Democrat","Democrat",4.2,NA
"578","1999/06","Clinton",59,"Democrat","Clinton","Senate","Democrat","Democrat",4.3,NA
"579","1999/07","Clinton",60.33,"Democrat","Clinton","Senate","Democrat","Democrat",4.3,13604.771
"580","1999/08","Clinton",59.67,"Democrat","Clinton","Senate","Democrat","Democrat",4.2,NA
"581","1999/09","Clinton",59.5,"Democrat","Clinton","Senate","Democrat","Democrat",4.2,NA
"582","1999/10","Clinton",57.5,"Democrat","Clinton","Senate","Democrat","Democrat",4.1,13827.98
"583","1999/11","Clinton",58.5,"Democrat","Clinton","Senate","Democrat","Democrat",4.1,NA
"584","1999/12","Clinton",56.5,"Democrat","Clinton","Senate","Democrat","Democrat",4,NA
"585","2000/01","Clinton",62,"Democrat","Clinton","Senate","Democrat","Democrat",4,13878.147
"586","2000/02","Clinton",60.67,"Democrat","Clinton","Senate","Democrat","Democrat",4.1,NA
"587","2000/03","Clinton",60.33,"Democrat","Clinton","Senate","Democrat","Democrat",4,NA
"588","2000/04","Clinton",59,"Democrat","Clinton","Senate","Democrat","Democrat",3.8,14130.908
"589","2000/05","Clinton",57,"Democrat","Clinton","Senate","Democrat","Democrat",4,NA
"590","2000/06","Clinton",57.5,"Democrat","Clinton","Senate","Democrat","Democrat",4,NA
"591","2000/07","Clinton",58.33,"Democrat","Clinton","Senate","Democrat","Democrat",4,14145.312
"592","2000/08","Clinton",59.75,"Democrat","Clinton","Senate","Democrat","Democrat",4.1,NA
"593","2000/09","Clinton",60,"Democrat","Clinton","Senate","Democrat","Democrat",3.9,NA
"594","2000/10","Clinton",57.5,"Democrat","Clinton","Senate","Democrat","Democrat",3.9,14229.765
"595","2000/11","Clinton",63,"Democrat","Clinton","Senate","Democrat","Democrat",3.9,NA
"596","2000/12","Clinton",63,"Democrat","Clinton","Senate","Democrat","Democrat",3.9,NA
"597","2001/01","Clinton",65.5,"Democrat","Bush","Senate","Republican","Republican",4.2,14183.12
"598","2001/02","Bush",58.67,"Republican","Bush","Senate","Republican","Republican",4.2,NA
"599","2001/03","Bush",58,"Republican","Bush","Senate","Republican","Republican",4.3,NA
"600","2001/04","Bush",60.5,"Republican","Bush","Senate","Republican","Republican",4.4,14271.694
"601","2001/05","Bush",55,"Republican","Bush","Senate","Republican","Republican",4.3,NA
"602","2001/06","Bush",54,"Republican","Bush","Senate","Republican","Republican",4.5,NA
"603","2001/07","Bush",56.5,"Republican","Bush","Senate","Republican","Republican",4.6,14214.516
"604","2001/08","Bush",56,"Republican","Bush","Senate","Republican","Republican",4.9,NA
"605","2001/09","Bush",75.67,"Republican","Bush","Senate","Republican","Republican",5,NA
"606","2001/10","Bush",88,"Republican","Bush","Senate","Republican","Republican",5.3,14253.574
"607","2001/11","Bush",87,"Republican","Bush","Senate","Republican","Republican",5.5,NA
"608","2001/12","Bush",86,"Republican","Bush","Senate","Republican","Republican",5.7,NA
"609","2002/01","Bush",83.67,"Republican","Bush","Senate","Republican","Republican",5.7,14372.785
"610","2002/02","Bush",82,"Republican","Bush","Senate","Republican","Republican",5.7,NA
"611","2002/03","Bush",79.2,"Republican","Bush","Senate","Republican","Republican",5.7,NA
"612","2002/04","Bush",76.25,"Republican","Bush","Senate","Republican","Republican",5.9,14460.848
"613","2002/05","Bush",76.33,"Republican","Bush","Senate","Republican","Republican",5.8,NA
"614","2002/06","Bush",73.4,"Republican","Bush","Senate","Republican","Republican",5.8,NA
"615","2002/07","Bush",71.6,"Republican","Bush","Senate","Republican","Republican",5.8,14519.633
"616","2002/08","Bush",66.5,"Republican","Bush","Senate","Republican","Republican",5.7,NA
"617","2002/09","Bush",67.2,"Republican","Bush","Senate","Republican","Republican",5.7,NA
"618","2002/10","Bush",64.75,"Republican","Bush","Senate","Republican","Republican",5.7,14537.58
"619","2002/11","Bush",66.33,"Republican","Bush","Senate","Republican","Republican",5.9,NA
"620","2002/12","Bush",62.75,"Republican","Bush","Senate","Republican","Republican",6,NA
"621","2003/01","Bush",60.17,"Republican","Bush","Senate","Republican","Republican",5.8,14614.141
"622","2003/02","Bush",58.75,"Republican","Bush","Senate","Republican","Republican",5.9,NA
"623","2003/03","Bush",65.2,"Republican","Bush","Senate","Republican","Republican",5.9,NA
"624","2003/04","Bush",70,"Republican","Bush","Senate","Republican","Republican",6,14743.567
"625","2003/05","Bush",66.33,"Republican","Bush","Senate","Republican","Republican",6.1,NA
"626","2003/06","Bush",62,"Republican","Bush","Senate","Republican","Republican",6.3,NA
"627","2003/07","Bush",59.67,"Republican","Bush","Senate","Republican","Republican",6.2,14988.782
"628","2003/08","Bush",59.5,"Republican","Bush","Senate","Republican","Republican",6.1,NA
"629","2003/09","Bush",51,"Republican","Bush","Senate","Republican","Republican",6.1,NA
"630","2003/10","Bush",54.67,"Republican","Bush","Senate","Republican","Republican",6,15162.76
"631","2003/11","Bush",51.67,"Republican","Bush","Senate","Republican","Republican",5.8,NA
"632","2003/12","Bush",58,"Republican","Bush","Senate","Republican","Republican",5.7,NA
"633","2004/01","Bush",55.25,"Republican","Bush","Senate","Republican","Republican",5.7,15248.68
"634","2004/02","Bush",51.33,"Republican","Bush","Senate","Republican","Republican",5.6,NA
"635","2004/03","Bush",50.67,"Republican","Bush","Senate","Republican","Republican",5.8,NA
"636","2004/04","Bush",52,"Republican","Bush","Senate","Republican","Republican",5.6,15366.85
"637","2004/05","Bush",47.33,"Republican","Bush","Senate","Republican","Republican",5.6,NA
"638","2004/06","Bush",48.5,"Republican","Bush","Senate","Republican","Republican",5.6,NA
"639","2004/07","Bush",48,"Republican","Bush","Senate","Republican","Republican",5.5,15512.619
"640","2004/08","Bush",50,"Republican","Bush","Senate","Republican","Republican",5.4,NA
"641","2004/09","Bush",52.67,"Republican","Bush","Senate","Republican","Republican",5.4,NA
"642","2004/10","Bush",49.17,"Republican","Bush","Senate","Republican","Republican",5.5,15670.88
"643","2004/11","Bush",54,"Republican","Bush","Senate","Republican","Republican",5.4,NA
"644","2004/12","Bush",51,"Republican","Bush","Senate","Republican","Republican",5.4,NA
"645","2005/01","Bush",51.67,"Republican","Bush","Senate","Republican","Republican",5.3,15844.727
"646","2005/02","Bush",52.25,"Republican","Bush","Senate","Republican","Republican",5.4,NA
"647","2005/03","Bush",49.67,"Republican","Bush","Senate","Republican","Republican",5.2,NA
"648","2005/04","Bush",48.5,"Republican","Bush","Senate","Republican","Republican",5.2,15922.782
"649","2005/05","Bush",48,"Republican","Bush","Senate","Republican","Republican",5.1,NA
"650","2005/06","Bush",46.25,"Republican","Bush","Senate","Republican","Republican",5,NA
"651","2005/07","Bush",47.33,"Republican","Bush","Senate","Republican","Republican",5,16047.587
"652","2005/08","Bush",43.75,"Republican","Bush","Senate","Republican","Republican",4.9,NA
"653","2005/09","Bush",44,"Republican","Bush","Senate","Republican","Republican",5,NA
"654","2005/10","Bush",40.75,"Republican","Bush","Senate","Republican","Republican",5,16136.734
"655","2005/11","Bush",38.33,"Republican","Bush","Senate","Republican","Republican",5,NA
"656","2005/12","Bush",42.25,"Republican","Bush","Senate","Republican","Republican",4.9,NA
"657","2006/01","Bush",43,"Republican","Bush","Senate","Republican","Republican",4.7,16353.835
"658","2006/02","Bush",39.67,"Republican","Bush","Senate","Republican","Republican",4.8,NA
"659","2006/03","Bush",36.5,"Republican","Bush","Senate","Republican","Republican",4.7,NA
"660","2006/04","Bush",35.67,"Republican","Bush","Senate","Republican","Republican",4.7,16396.151
"661","2006/05","Bush",32,"Republican","Bush","Senate","Republican","Republican",4.6,NA
"662","2006/06","Bush",37,"Republican","Bush","Senate","Republican","Republican",4.6,NA
"663","2006/07","Bush",39,"Republican","Bush","Senate","Republican","Republican",4.7,16420.738
"664","2006/08","Bush",39.5,"Republican","Bush","Senate","Republican","Republican",4.7,NA
"665","2006/09","Bush",41.5,"Republican","Bush","Senate","Republican","Republican",4.5,NA
"666","2006/10","Bush",37,"Republican","Bush","Senate","Republican","Republican",4.4,16561.866
"667","2006/11","Bush",35.5,"Republican","Bush","Senate","Republican","Republican",4.5,NA
"668","2006/12","Bush",36.5,"Republican","Bush","Senate","Republican","Republican",4.4,NA
"669","2007/01","Bush",35.67,"Republican","Bush","Senate","Republican","Republican",4.6,16611.69
"670","2007/02","Bush",34.5,"Republican","Bush","Senate","Republican","Republican",4.5,NA
"671","2007/03","Bush",34,"Republican","Bush","Senate","Republican","Republican",4.4,NA
"672","2007/04","Bush",37,"Republican","Bush","Senate","Republican","Republican",4.5,16713.314
"673","2007/05","Bush",33.5,"Republican","Bush","Senate","Republican","Republican",4.4,NA
"674","2007/06","Bush",32,"Republican","Bush","Senate","Republican","Republican",4.6,NA
"675","2007/07","Bush",30,"Republican","Bush","Senate","Republican","Republican",4.7,16809.587
"676","2007/08","Bush",33,"Republican","Bush","Senate","Republican","Republican",4.6,NA
"677","2007/09","Bush",34.5,"Republican","Bush","Senate","Republican","Republican",4.7,NA
"678","2007/10","Bush",32,"Republican","Bush","Senate","Republican","Republican",4.7,16915.191
"679","2007/11","Bush",32.33,"Republican","Bush","Senate","Republican","Republican",4.7,NA
"680","2007/12","Bush",34.5,"Republican","Bush","Senate","Republican","Republican",5,NA
"681","2008/01","Bush",33.33,"Republican","Bush","Senate","Republican","Republican",5,16843.003
"682","2008/02","Bush",32,"Republican","Bush","Senate","Republican","Republican",4.9,NA
"683","2008/03","Bush",32,"Republican","Bush","Senate","Republican","Republican",5.1,NA
"684","2008/04","Bush",28,"Republican","Bush","Senate","Republican","Republican",5,16943.291
"685","2008/05","Bush",28.33,"Republican","Bush","Senate","Republican","Republican",5.4,NA
"686","2008/06","Bush",29,"Republican","Bush","Senate","Republican","Republican",5.6,NA
"687","2008/07","Bush",31.5,"Republican","Bush","Senate","Republican","Republican",5.8,16854.295
"688","2008/08","Bush",31,"Republican","Bush","Senate","Republican","Republican",6.1,NA
"689","2008/09","Bush",30.33,"Republican","Bush","Senate","Republican","Republican",6.1,NA
"690","2008/10","Bush",26.5,"Republican","Bush","Senate","Republican","Republican",6.5,16485.35
"691","2008/11","Bush",28.5,"Republican","Bush","Senate","Republican","Republican",6.8,NA
"692","2008/12","Bush",30.5,"Republican","Bush","Senate","Republican","Republican",7.3,NA
"693","2009/01","Bush",34,"Republican","Obama","Senate","Democrat","Democrat",7.8,16298.262
"694","2009/02","Obama",63.75,"Democrat","Obama","Senate","Democrat","Democrat",8.3,NA
"695","2009/03","Obama",62,"Democrat","Obama","Senate","Democrat","Democrat",8.7,NA
"696","2009/04","Obama",63.25,"Democrat","Obama","Senate","Democrat","Democrat",9,16269.145
"697","2009/05","Obama",64.25,"Democrat","Obama","Senate","Democrat","Democrat",9.4,NA
"698","2009/06","Obama",60.4,"Democrat","Obama","Senate","Democrat","Democrat",9.5,NA
"699","2009/07","Obama",56.75,"Democrat","Obama","Senate","Democrat","Democrat",9.5,16326.281
"700","2009/08","Obama",53,"Democrat","Obama","Senate","Democrat","Democrat",9.6,NA
"701","2009/09","Obama",51.75,"Democrat","Obama","Senate","Democrat","Democrat",9.8,NA
"702","2009/10","Obama",53,"Democrat","Obama","Senate","Democrat","Democrat",10,16502.754
"703","2009/11","Obama",50.8,"Democrat","Obama","Senate","Democrat","Democrat",9.9,NA
"704","2009/12","Obama",50.25,"Democrat","Obama","Senate","Democrat","Democrat",9.9,NA
"705","2010/01","Obama",49.5,"Democrat","Obama","Senate","Democrat","Democrat",9.8,16582.71
"706","2010/02","Obama",50,"Democrat","Obama","Senate","Democrat","Democrat",9.8,NA
"707","2010/03","Obama",48.6,"Democrat","Obama","Senate","Democrat","Democrat",9.9,NA
"708","2010/04","Obama",48.25,"Democrat","Obama","Senate","Democrat","Democrat",9.9,16743.162
"709","2010/05","Obama",48,"Democrat","Obama","Senate","Democrat","Democrat",9.6,NA
"710","2010/06","Obama",46,"Democrat","Obama","Senate","Democrat","Democrat",9.4,NA
"711","2010/07","Obama",45.5,"Democrat","Obama","Senate","Democrat","Democrat",9.4,16872.266
"712","2010/08","Obama",44,"Democrat","Obama","Senate","Democrat","Democrat",9.5,NA
"713","2010/09","Obama",45.5,"Democrat","Obama","Senate","Democrat","Democrat",9.5,NA
"714","2010/10","Obama",45,"Democrat","Obama","Senate","Democrat","Democrat",9.4,16960.864
"715","2010/11","Obama",45.2,"Democrat","Obama","Senate","Democrat","Democrat",9.8,NA
"716","2010/12","Obama",46.5,"Democrat","Obama","Senate","Democrat","Democrat",9.3,NA
"717","2011/01","Obama",48.8,"Democrat","Obama","Senate","Democrat","Democrat",9.1,16920.632
"718","2011/02","Obama",47.5,"Democrat","Obama","Senate","Democrat","Democrat",9,NA
"719","2011/03","Obama",47,"Democrat","Obama","Senate","Democrat","Democrat",9,NA
"720","2011/04","Obama",43.75,"Democrat","Obama","Senate","Democrat","Democrat",9.1,17035.114
"721","2011/05","Obama",49.8,"Democrat","Obama","Senate","Democrat","Democrat",9,NA
"722","2011/06","Obama",45.5,"Democrat","Obama","Senate","Democrat","Democrat",9.1,NA
"723","2011/07","Obama",43.75,"Democrat","Obama","Senate","Democrat","Democrat",9,17031.313
"724","2011/08","Obama",40.8,"Democrat","Obama","Senate","Democrat","Democrat",9,NA
"725","2011/09","Obama",41.25,"Democrat","Obama","Senate","Democrat","Democrat",9,NA
"726","2011/10","Obama",41.6,"Democrat","Obama","Senate","Democrat","Democrat",8.8,17222.583
"727","2011/11","Obama",42.75,"Democrat","Obama","Senate","Democrat","Democrat",8.6,NA
"728","2011/12","Obama",43,"Democrat","Obama","Senate","Democrat","Democrat",8.5,NA
"729","2012/01","Obama",45.4,"Democrat","Obama","Senate","Democrat","Democrat",8.3,17367.01
"730","2012/02","Obama",45.5,"Democrat","Obama","Senate","Democrat","Democrat",8.3,NA
"731","2012/03","Obama",46.5,"Democrat","Obama","Senate","Democrat","Democrat",8.2,NA
"732","2012/04","Obama",47.6,"Democrat","Obama","Senate","Democrat","Democrat",8.2,17444.525
"733","2012/05","Obama",47,"Democrat","Obama","Senate","Democrat","Democrat",8.2,NA
"734","2012/06","Obama",46.5,"Democrat","Obama","Senate","Democrat","Democrat",8.2,NA
"735","2012/07","Obama",45.6,"Democrat","Obama","Senate","Democrat","Democrat",8.2,17469.65
"736","2012/08","Obama",45,"Democrat","Obama","Senate","Democrat","Democrat",8.1,NA
"737","2012/09","Obama",49.25,"Democrat","Obama","Senate","Democrat","Democrat",7.8,NA
"738","2012/10","Obama",50.8,"Democrat","Obama","Senate","Democrat","Democrat",7.8,17489.852
"739","2012/11","Obama",51.75,"Democrat","Obama","Senate","Democrat","Democrat",7.7,NA
"740","2012/12","Obama",53,"Democrat","Obama","Senate","Democrat","Democrat",7.9,NA
"741","2013/01","Obama",52.25,"Democrat","Obama","Senate","Democrat","Democrat",8,17662.4
"742","2013/02","Obama",50.75,"Democrat","Obama","Senate","Democrat","Democrat",7.7,NA
"743","2013/03","Obama",48,"Democrat","Obama","Senate","Democrat","Democrat",7.5,NA
"744","2013/04","Obama",49.6,"Democrat","Obama","Senate","Democrat","Democrat",7.6,17709.671
"745","2013/05","Obama",48.75,"Democrat","Obama","Senate","Democrat","Democrat",7.5,NA
"746","2013/06","Obama",47,"Democrat","Obama","Senate","Democrat","Democrat",7.5,NA
"747","2013/07","Obama",46,"Democrat","Obama","Senate","Democrat","Democrat",7.3,17860.45
"748","2013/08","Obama",45,"Democrat","Obama","Senate","Democrat","Democrat",7.2,NA
"749","2013/09","Obama",44.4,"Democrat","Obama","Senate","Democrat","Democrat",7.2,NA
"750","2013/10","Obama",42.25,"Democrat","Obama","Senate","Democrat","Democrat",7.2,18016.147
"751","2013/11","Obama",41,"Democrat","Obama","Senate","Democrat","Democrat",6.9,NA
"752","2013/12","Obama",41.5,"Democrat","Obama","Senate","Democrat","Democrat",6.7,NA
"753","2014/01","Obama",41.2,"Democrat","Obama","Senate","Democrat","Democrat",6.6,17953.974
"754","2014/02","Obama",42,"Democrat","Obama","Senate","Democrat","Democrat",6.7,NA
"755","2014/03","Obama",42.8,"Democrat","Obama","Senate","Democrat","Democrat",6.7,NA
"756","2014/04","Obama",43.75,"Democrat","Obama","Senate","Democrat","Democrat",6.2,18185.911
"757","2014/05","Obama",44,"Democrat","Obama","Senate","Democrat","Democrat",6.3,NA
"758","2014/06","Obama",42.4,"Democrat","Obama","Senate","Democrat","Democrat",6.1,NA
"759","2014/07","Obama",42,"Democrat","Obama","Senate","Democrat","Democrat",6.2,18406.941
"760","2014/08","Obama",41.75,"Democrat","Obama","Senate","Democrat","Democrat",6.1,NA
"761","2014/09","Obama",41.8,"Democrat","Obama","Senate","Democrat","Democrat",5.9,NA
"762","2014/10","Obama",41.5,"Democrat","Obama","Senate","Democrat","Democrat",5.7,18500.031
"763","2014/11","Obama",41.75,"Democrat","Obama","Senate","Democrat","Democrat",5.8,NA
"764","2014/12","Obama",44.2,"Democrat","Obama","Senate","Democrat","Democrat",5.6,NA
"765","2015/01","Obama",47,"Democrat","Obama","Senate","Democrat","Democrat",5.7,18666.621
"766","2015/02","Obama",46,"Democrat","Obama","Senate","Democrat","Democrat",5.5,NA
"767","2015/03","Obama",46.2,"Democrat","Obama","Senate","Democrat","Democrat",5.4,NA
"768","2015/04","Obama",46.75,"Democrat","Obama","Senate","Democrat","Democrat",5.4,18782.243
"769","2015/05","Obama",46.75,"Democrat","Obama","Senate","Democrat","Democrat",5.6,NA
"770","2015/06","Obama",45.8,"Democrat","Obama","Senate","Democrat","Democrat",5.3,NA
"771","2015/07","Obama",46,"Democrat","Obama","Senate","Democrat","Democrat",5.2,18857.418
"772","2015/08","Obama",45.6,"Democrat","Obama","Senate","Democrat","Democrat",5.1,NA
"773","2015/09","Obama",46.75,"Democrat","Obama","Senate","Democrat","Democrat",5,NA
"774","2015/10","Obama",46.25,"Democrat","Obama","Senate","Democrat","Democrat",5,18892.206
"775","2015/11","Obama",47,"Democrat","Obama","Senate","Democrat","Democrat",5.1,NA
"776","2015/12","Obama",45.75,"Democrat","Obama","Senate","Democrat","Democrat",5,NA
"777","2016/01","Obama",47.75,"Democrat","Obama","Senate","Democrat","Democrat",4.8,19001.69
"778","2016/02","Obama",48.2,"Democrat","Obama","Senate","Democrat","Democrat",4.9,NA
"779","2016/03","Obama",51.25,"Democrat","Obama","Senate","Democrat","Democrat",5,NA
"780","2016/04","Obama",50.25,"Democrat","Obama","Senate","Democrat","Democrat",5.1,19062.709
"781","2016/05","Obama",51.4,"Democrat","Obama","Senate","Democrat","Democrat",4.8,NA
"782","2016/06","Obama",51.75,"Democrat","Obama","Senate","Democrat","Democrat",4.9,NA
"783","2016/07","Obama",50.5,"Democrat","Obama","Senate","Democrat","Democrat",4.8,19197.938
"784","2016/08","Obama",51.6,"Democrat","Obama","Senate","Democrat","Democrat",4.9,NA
"785","2016/09","Obama",52.25,"Democrat","Obama","Senate","Democrat","Democrat",5,NA
"786","2016/10","Obama",53.6,"Democrat","Obama","Senate","Democrat","Democrat",4.9,19304.352
"787","2016/11","Obama",55.75,"Democrat","Obama","Senate","Democrat","Democrat",4.7,NA
"788","2016/12","Obama",56,"Democrat","Obama","Senate","Democrat","Democrat",4.7,NA
"789","2017/01","Obama",57,"Democrat","Trump","Senate","Republican","Republican",4.7,19398.343
"790","2017/02","Trump",41.5,"Republican","Trump","Senate","Republican","Republican",4.6,NA
"791","2017/03","Trump",39.75,"Republican","Trump","Senate","Republican","Republican",4.4,NA
"792","2017/04","Trump",40.5,"Republican","Trump","Senate","Republican","Republican",4.4,19506.949
"793","2017/05","Trump",39.4,"Republican","Trump","Senate","Republican","Republican",4.4,NA
"794","2017/06","Trump",38.25,"Republican","Trump","Senate","Republican","Republican",4.3,NA
"795","2017/07","Trump",37.8,"Republican","Trump","Senate","Republican","Republican",4.3,19660.766
"796","2017/08","Trump",36,"Republican","Trump","Senate","Republican","Republican",4.4,NA
"797","2017/09","Trump",37.5,"Republican","Trump","Senate","Republican","Republican",4.3,NA
"798","2017/10","Trump",36.8,"Republican","Trump","Senate","Republican","Republican",4.2,19882.352
"799","2017/11","Trump",37,"Republican","Trump","Senate","Republican","Republican",4.2,NA
"800","2017/12","Trump",36.75,"Republican","Trump","Senate","Republican","Republican",4.1,NA
"801","2018/01","Trump",37.8,"Republican","Trump","Senate","Republican","Republican",4,20044.077
"802","2018/02","Trump",38.75,"Republican","Trump","Senate","Republican","Republican",4.1,NA
"803","2018/03","Trump",39.25,"Republican","Trump","Senate","Republican","Republican",4,NA
"804","2018/04","Trump",40.4,"Republican","Trump","Senate","Republican","Republican",4,20150.476
"805","2018/05","Trump",41.5,"Republican","Trump","Senate","Republican","Republican",3.8,NA
"806","2018/06","Trump",42.5,"Republican","Trump","Senate","Republican","Republican",4,NA
"807","2018/07","Trump",41.4,"Republican","Trump","Senate","Republican","Republican",3.8,20276.154
"808","2018/08","Trump",40.75,"Republican","Trump","Senate","Republican","Republican",3.8,NA
"809","2018/09","Trump",40,"Republican","Trump","Senate","Republican","Republican",3.7,NA
"810","2018/10","Trump",42.2,"Republican","Trump","Senate","Republican","Republican",3.8,20304.874
"811","2018/11","Trump",39.75,"Republican","Trump","Senate","Republican","Republican",3.8,NA
"812","2018/12","Trump",39,"Republican","Trump","Senate","Republican","Republican",3.9,NA
"813","2019/01","Trump",37,"Republican","Trump","Senate","Republican","Republican",4,20431.641
"814","2019/02","Trump",43.5,"Republican","Trump","Senate","Republican","Republican",3.8,NA
"815","2019/03","Trump",39,"Republican","Trump","Senate","Republican","Republican",3.8,NA
"816","2019/04","Trump",45.5,"Republican","Trump","Senate","Republican","Republican",3.7,20602.275
"817","2019/05","Trump",41,"Republican","Trump","Senate","Republican","Republican",3.6,NA
"818","2019/06","Trump",42,"Republican","Trump","Senate","Republican","Republican",3.6,NA
"819","2019/07","Trump",43,"Republican","Trump","Senate","Republican","Republican",3.7,20843.322
"820","2019/08","Trump",40,"Republican","Trump","Senate","Republican","Republican",3.6,NA
"821","2019/09","Trump",41.5,"Republican","Trump","Senate","Republican","Republican",3.5,NA
"822","2019/10","Trump",40,"Republican","Trump","Senate","Republican","Republican",3.6,20985.448
"823","2019/11","Trump",43,"Republican","Trump","Senate","Republican","Republican",3.6,NA
"824","2019/12","Trump",45,"Republican","Trump","Senate","Republican","Republican",3.6,NA
"825","2020/01","Trump",46.5,"Republican","Trump","Senate","Republican","Republican",3.6,20693.238
"826","2020/02","Trump",48,"Republican","Trump","Senate","Republican","Republican",3.5,NA
"827","2020/03","Trump",46.5,"Republican","Trump","Senate","Republican","Republican",4.4,NA
"828","2020/04","Trump",46,"Republican","Trump","Senate","Republican","Republican",14.8,19056.617
"829","2020/05","Trump",44,"Republican","Trump","Senate","Republican","Republican",13.2,NA
"830","2020/06","Trump",38,"Republican","Trump","Senate","Republican","Republican",11,NA
"831","2020/07","Trump",41.5,"Republican","Trump","Senate","Republican","Republican",10.2,20548.793
"832","2020/08","Trump",42,"Republican","Trump","Senate","Republican","Republican",8.4,NA
"833","2020/09","Trump",44.5,"Republican","Trump","Senate","Republican","Republican",7.8,NA
"834","2020/10","Trump",46,"Republican","Trump","Senate","Republican","Republican",6.9,20771.691
"835","2020/11","Trump",43,"Republican","Trump","Senate","Republican","Republican",6.7,NA
"836","2020/12","Trump",39,"Republican","Trump","Senate","Republican","Republican",6.7,NA
"837","2021/01","Biden",57,"Democrat","Biden","Senate","Democrat","Democrat",6.4,21058.379
"838","2021/01","Trump",34,"Republican","Biden","Senate","Democrat","Democrat",6.4,21058.379
"839","2021/02","Biden",56,"Democrat","Biden","Senate","Democrat","Democrat",6.2,NA
"840","2021/03","Biden",54,"Democrat","Biden","Senate","Democrat","Democrat",6.1,NA
"841","2021/04","Biden",57,"Democrat","Biden","Senate","Democrat","Democrat",6.1,21389.005
"842","2021/05","Biden",54,"Democrat","Biden","Senate","Democrat","Democrat",5.8,NA
"843","2021/06","Biden",56,"Democrat","Biden","Senate","Democrat","Democrat",5.9,NA
"844","2021/07","Biden",50,"Democrat","Biden","Senate","Democrat","Democrat",5.4,21571.421
"845","2021/08","Biden",49,"Democrat","Biden","Senate","Democrat","Democrat",5.1,NA
"846","2021/09","Biden",43,"Democrat","Biden","Senate","Democrat","Democrat",4.7,NA
"847","2021/10","Biden",42,"Democrat","Biden","Senate","Democrat","Democrat",4.5,21960.388
"848","2021/11","Biden",42,"Democrat","Biden","Senate","Democrat","Democrat",4.2,NA
"849","2021/12","Biden",43,"Democrat","Biden","Senate","Democrat","Democrat",3.9,NA
"850","2022/02","Biden",41,"Democrat",NA,NA,NA,NA,3.8,NA
"851","2022/03","Biden",42,"Democrat",NA,NA,NA,NA,3.7,NA
"852","2022/04","Biden",41,"Democrat",NA,NA,NA,NA,3.7,21919.222
"853","2022/05","Biden",41,"Democrat",NA,NA,NA,NA,3.6,NA
"854","2022/06","Biden",41,"Democrat",NA,NA,NA,NA,3.6,NA
"855","2022/08","Biden",44,"Democrat",NA,NA,NA,NA,3.6,NA
"856","2022/09","Biden",42,"Democrat",NA,NA,NA,NA,3.5,NA
"857","2022/10","Biden",40,"Democrat",NA,NA,NA,NA,3.6,22249.459
"858","2022/11","Biden",40,"Democrat",NA,NA,NA,NA,3.6,NA
"859","2023/01","Biden",41,"Democrat",NA,NA,NA,NA,3.5,22403.435
"860","2023/02","Biden",42,"Democrat",NA,NA,NA,NA,3.6,NA
"861","2023/03","Biden",40,"Democrat",NA,NA,NA,NA,3.5,NA
"862","2023/04","Biden",37,"Democrat",NA,NA,NA,NA,3.4,22539.418
"863","2023/05","Biden",39,"Democrat",NA,NA,NA,NA,3.6,NA
"864","2023/06","Biden",43,"Democrat",NA,NA,NA,NA,3.6,NA
"865","2023/07","Biden",40,"Democrat",NA,NA,NA,NA,3.5,22780.933
"866","2023/08","Biden",42,"Democrat",NA,NA,NA,NA,3.7,NA
"867","2023/09","Biden",41,"Democrat",NA,NA,NA,NA,3.8,NA
"868","2023/10","Biden",37,"Democrat",NA,NA,NA,NA,3.9,22960.6
"869","2023/11","Biden",37,"Democrat",NA,NA,NA,NA,3.7,NA
"870","2023/12","Biden",39,"Democrat",NA,NA,NA,NA,3.8,NA
"871","2024/01","Biden",41,"Democrat",NA,NA,NA,NA,3.7,23053.545
"872","2024/02","Biden",38,"Democrat",NA,NA,NA,NA,3.9,NA
"873","2024/03","Biden",40,"Democrat",NA,NA,NA,NA,3.9,NA
"874","2024/04","Biden",38,"Democrat",NA,NA,NA,NA,3.9,23223.906
"875","2024/05","Biden",39,"Democrat",NA,NA,NA,NA,4,NA
"876","2024/06","Biden",38,"Democrat",NA,NA,NA,NA,4.1,NA
"877","2024/07","Biden",36,"Democrat",NA,NA,NA,NA,4.2,23400.294
"878","2024/08","Biden",43,"Democrat",NA,NA,NA,NA,4.2,NA
"879","2024/09","Biden",42,"Democrat",NA,NA,NA,NA,4.1,NA
"880","2024/10","Biden",40,"Democrat",NA,NA,NA,NA,4.1,23536.293
"881","2024/11","Biden",37,"Democrat",NA,NA,NA,NA,4.2,NA
"882","2024/12","Biden",39,"Democrat",NA,NA,NA,NA,4.1,NA
"883","2025/01","Biden",40,"Democrat",NA,NA,NA,NA,4,NA
