"","Date","President","Approval","PrezParty","CPIChange","Chamber","ChamberParty","PctVotes","UnemploymentRate","GDP","GDPchange"
"1","1945/06","Truman",87,"Democrat",NA,NA,NA,NA,NA,NA,NA
"2","1945/10","Truman",82,"Democrat",NA,NA,NA,NA,NA,NA,NA
"3","1945/11","Truman",75,"Democrat",NA,NA,NA,NA,NA,NA,NA
"4","1946/01","Truman",63,"Democrat",NA,NA,NA,NA,NA,NA,NA
"5","1946/02","Truman",49,"Democrat",NA,NA,NA,NA,NA,NA,NA
"6","1946/03","Truman",51,"Democrat",NA,NA,NA,NA,NA,NA,NA
"7","1946/06","Truman",44,"Democrat",NA,NA,NA,NA,NA,NA,NA
"8","1946/09","Truman",33,"Democrat",NA,NA,NA,NA,NA,NA,NA
"9","1946/11","Truman",34,"Democrat",NA,NA,NA,NA,NA,NA,NA
"10","1946/12","Truman",35,"Democrat",NA,NA,NA,NA,NA,NA,NA
"11","1947/01","Truman",48,"Democrat",NA,NA,NA,NA,NA,2182.681,0
"12","1947/03","Truman",61.5,"Democrat",NA,NA,NA,NA,NA,NA,NA
"13","1947/04","Truman",57,"Democrat",NA,NA,NA,NA,NA,2176.892,-0.2652
"14","1947/05","Truman",65,"Democrat",NA,NA,NA,NA,NA,NA,NA
"15","1947/06","Truman",55,"Democrat",NA,NA,NA,NA,NA,NA,NA
"16","1947/07","Truman",61,"Democrat",NA,NA,NA,NA,NA,2172.432,-0.2049
"17","1947/09","Truman",55,"Democrat",NA,NA,NA,NA,NA,NA,NA
"18","1947/11","Truman",54,"Democrat",NA,NA,NA,NA,NA,NA,NA
"19","1948/01","Truman",53,"Democrat",NA,NA,NA,NA,3.4,2239.682,1.506
"20","1948/04","Truman",36,"Democrat",NA,NA,NA,NA,3.9,2276.69,1.6524
"21","1948/05","Truman",39,"Democrat",NA,NA,NA,NA,3.5,NA,NA
"22","1948/06","Truman",40,"Democrat",NA,NA,NA,NA,3.6,NA,NA
"23","1949/01","Truman",69,"Democrat",NA,NA,NA,NA,4.3,2260.807,-1.3766
"24","1949/03","Truman",57,"Democrat",NA,NA,NA,NA,5,NA,NA
"25","1949/05","Truman",51,"Democrat",NA,NA,NA,NA,6.1,NA,NA
"26","1949/06","Truman",57,"Democrat",NA,NA,NA,NA,6.2,NA,NA
"27","1949/09","Truman",48.6667,"Democrat",NA,NA,NA,NA,6.6,NA,NA
"28","1950/01","Truman",45,"Democrat",NA,NA,NA,NA,6.5,2346.104,3.9317
"29","1950/02","Truman",37,"Democrat",NA,NA,NA,NA,6.4,NA,NA
"30","1950/05","Truman",41,"Democrat",NA,NA,NA,NA,5.5,NA,NA
"31","1950/06","Truman",37,"Democrat",NA,NA,NA,NA,5.4,NA,NA
"32","1950/07","Truman",42.5,"Democrat",NA,NA,NA,NA,5,2511.127,3.8651
"33","1950/08","Truman",43,"Democrat",NA,NA,NA,NA,4.5,NA,NA
"34","1950/09","Truman",35,"Democrat",NA,NA,NA,NA,4.4,NA,NA
"35","1950/10","Truman",39.5,"Democrat",NA,NA,NA,NA,4.2,2559.214,1.915
"36","1950/12","Truman",33,"Democrat",NA,NA,NA,NA,4.3,NA,NA
"37","1951/01","Truman",36,"Democrat",NA,NA,NA,NA,3.7,2593.967,1.358
"38","1951/02","Truman",26,"Democrat",NA,NA,NA,NA,3.4,NA,NA
"39","1951/03","Truman",27.5,"Democrat",NA,NA,NA,NA,3.4,NA,NA
"40","1951/04","Truman",24,"Democrat",NA,NA,NA,NA,3.1,2638.898,1.7321
"41","1951/05","Truman",24,"Democrat",NA,NA,NA,NA,3,NA,NA
"42","1951/06","Truman",25,"Democrat",NA,NA,NA,NA,3.2,NA,NA
"43","1951/07","Truman",29,"Democrat",NA,NA,NA,NA,3.1,2693.259,2.06
"44","1951/08","Truman",31,"Democrat",NA,NA,NA,NA,3.1,NA,NA
"45","1951/09","Truman",32,"Democrat",NA,NA,NA,NA,3.3,NA,NA
"46","1951/10","Truman",29,"Democrat",NA,NA,NA,NA,3.5,2699.156,0.219
"47","1951/11","Truman",23,"Democrat",NA,NA,NA,NA,3.5,NA,NA
"48","1952/01","Truman",24,"Democrat",NA,NA,NA,NA,3.2,2727.954,1.0669
"49","1952/02","Truman",22,"Democrat",NA,NA,NA,NA,3.1,NA,NA
"50","1952/04","Truman",28,"Democrat",NA,NA,NA,NA,2.9,2733.8,0.2143
"51","1952/05","Truman",29,"Democrat",NA,NA,NA,NA,3,NA,NA
"52","1952/06","Truman",32,"Democrat",NA,NA,NA,NA,3,NA,NA
"53","1952/07","Truman",29,"Democrat",NA,NA,NA,NA,3.2,2753.517,0.7212
"54","1952/10","Truman",32,"Democrat",NA,NA,NA,NA,3,2843.941,3.2839
"55","1952/12","Truman",32,"Democrat",NA,NA,NA,NA,2.7,NA,NA
"56","1953/02","Eisenhower",67.5,"Republican",NA,NA,NA,NA,2.6,NA,NA
"57","1953/03","Eisenhower",74,"Republican",NA,NA,NA,NA,2.6,NA,NA
"58","1953/04","Eisenhower",73,"Republican",NA,NA,NA,NA,2.7,2919.206,0.7731
"59","1953/05","Eisenhower",74,"Republican",NA,NA,NA,NA,2.5,NA,NA
"60","1953/07","Eisenhower",71,"Republican",NA,NA,NA,NA,2.6,2902.785,-0.5625
"61","1953/08","Eisenhower",74,"Republican",NA,NA,NA,NA,2.7,NA,NA
"62","1953/09","Eisenhower",61,"Republican",NA,NA,NA,NA,2.9,NA,NA
"63","1953/10","Eisenhower",65,"Republican",NA,NA,NA,NA,3.1,2858.845,-1.5137
"64","1953/11","Eisenhower",60,"Republican",NA,NA,NA,NA,3.5,NA,NA
"65","1953/12","Eisenhower",69,"Republican",NA,NA,NA,NA,4.5,NA,NA
"66","1954/01","Eisenhower",70.5,"Republican",NA,"Senate","Republican","82",4.9,2845.192,-0.4776
"67","1954/02","Eisenhower",67,"Republican",NA,"Senate","Republican","82",5.2,NA,NA
"68","1954/03","Eisenhower",66,"Republican",NA,"Senate","Republican","82",5.7,NA,NA
"69","1954/04","Eisenhower",68,"Republican",NA,"Senate","Republican","82",5.9,2848.305,0.1094
"70","1954/05","Eisenhower",60.5,"Republican",NA,"Senate","Republican","82",5.9,NA,NA
"71","1954/06","Eisenhower",62,"Republican",NA,"Senate","Republican","82",5.6,NA,NA
"72","1954/07","Eisenhower",70,"Republican",NA,"Senate","Republican","82",5.8,2880.482,1.1297
"73","1954/08","Eisenhower",65,"Republican",NA,"Senate","Republican","82",6,NA,NA
"74","1954/09","Eisenhower",66,"Republican",NA,"Senate","Republican","82",6.1,NA,NA
"75","1954/10","Eisenhower",61,"Republican",NA,"Senate","Republican","82",5.7,2936.852,1.957
"76","1954/11","Eisenhower",57,"Republican",NA,"Senate","Republican","82",5.3,NA,NA
"77","1954/12","Eisenhower",69.5,"Republican",NA,"Senate","Republican","82",5,NA,NA
"78","1955/01","Eisenhower",70,"Republican",NA,"Senate","Republican","85",4.9,3020.746,2.8566
"79","1955/02","Eisenhower",73,"Republican",NA,"Senate","Republican","85",4.7,NA,NA
"80","1955/03","Eisenhower",68.5,"Republican",NA,"Senate","Republican","85",4.6,NA,NA
"81","1955/04","Eisenhower",70,"Republican",NA,"Senate","Republican","85",4.7,3069.91,1.6275
"82","1955/05","Eisenhower",68,"Republican",NA,"Senate","Republican","85",4.3,NA,NA
"83","1955/06","Eisenhower",68.5,"Republican",NA,"Senate","Republican","85",4.2,NA,NA
"84","1955/07","Eisenhower",72,"Republican",NA,"Senate","Republican","85",4,3111.379,1.3508
"85","1955/08","Eisenhower",73.5,"Republican",NA,"Senate","Republican","85",4.2,NA,NA
"86","1955/09","Eisenhower",71,"Republican",NA,"Senate","Republican","85",4.1,NA,NA
"87","1955/11","Eisenhower",78,"Republican",NA,"Senate","Republican","85",4.2,NA,NA
"88","1955/12","Eisenhower",75,"Republican",NA,"Senate","Republican","85",4.2,NA,NA
"89","1956/01","Eisenhower",76.5,"Republican",NA,"Senate","Republican","80",4,3117.922,-0.388
"90","1956/02","Eisenhower",75,"Republican",NA,"Senate","Republican","80",3.9,NA,NA
"91","1956/03","Eisenhower",72.5,"Republican",NA,"Senate","Republican","80",4.2,NA,NA
"92","1956/04","Eisenhower",69,"Republican",NA,"Senate","Republican","80",4,3143.694,0.8266
"93","1956/05","Eisenhower",70,"Republican",NA,"Senate","Republican","80",4.3,NA,NA
"94","1956/06","Eisenhower",73,"Republican",NA,"Senate","Republican","80",4.3,NA,NA
"95","1956/07","Eisenhower",70,"Republican",NA,"Senate","Republican","80",4.4,3140.874,-0.0897
"96","1956/08","Eisenhower",68,"Republican",NA,"Senate","Republican","80",4.1,NA,NA
"97","1956/11","Eisenhower",75,"Republican",NA,"Senate","Republican","80",4.3,NA,NA
"98","1956/12","Eisenhower",79,"Republican",NA,"Senate","Republican","80",4.2,NA,NA
"99","1957/01","Eisenhower",73,"Republican",NA,"Senate","Republican","80",4.2,3213.011,0.6403
"100","1957/02","Eisenhower",72,"Republican",NA,"Senate","Republican","80",3.9,NA,NA
"101","1957/03","Eisenhower",65,"Republican",NA,"Senate","Republican","80",3.7,NA,NA
"102","1957/04","Eisenhower",65.5,"Republican",NA,"Senate","Republican","80",3.9,3205.97,-0.2191
"103","1957/05","Eisenhower",62,"Republican",NA,"Senate","Republican","80",4.1,NA,NA
"104","1957/06","Eisenhower",63.5,"Republican",NA,"Senate","Republican","80",4.3,NA,NA
"105","1957/07","Eisenhower",65,"Republican",NA,"Senate","Republican","80",4.2,3237.386,0.9799
"106","1957/08","Eisenhower",61,"Republican",NA,"Senate","Republican","80",4.1,NA,NA
"107","1957/09","Eisenhower",59,"Republican",NA,"Senate","Republican","80",4.4,NA,NA
"108","1957/10","Eisenhower",57,"Republican",NA,"Senate","Republican","80",4.5,3203.894,-1.0345
"109","1957/11","Eisenhower",58,"Republican",NA,"Senate","Republican","80",5.1,NA,NA
"110","1958/01","Eisenhower",59,"Republican",NA,"Senate","Republican","77",5.8,3120.724,-2.5959
"111","1958/02","Eisenhower",54,"Republican",NA,"Senate","Republican","77",6.4,NA,NA
"112","1958/03","Eisenhower",49.5,"Republican",NA,"Senate","Republican","77",6.7,NA,NA
"113","1958/04","Eisenhower",54,"Republican",NA,"Senate","Republican","77",7.4,3141.224,0.6569
"114","1958/05","Eisenhower",53.5,"Republican",NA,"Senate","Republican","77",7.4,NA,NA
"115","1958/07","Eisenhower",55,"Republican",NA,"Senate","Republican","77",7.5,3213.884,2.3131
"116","1958/08","Eisenhower",56,"Republican",NA,"Senate","Republican","77",7.4,NA,NA
"117","1958/09","Eisenhower",55.5,"Republican",NA,"Senate","Republican","77",7.1,NA,NA
"118","1958/10","Eisenhower",57,"Republican",NA,"Senate","Republican","77",6.7,3289.032,2.3382
"119","1958/11","Eisenhower",52,"Republican",NA,"Senate","Republican","77",6.2,NA,NA
"120","1958/12","Eisenhower",57,"Republican",NA,"Senate","Republican","77",6.2,NA,NA
"121","1959/01","Eisenhower",57,"Republican",NA,"Senate","Republican","80",6,3352.129,1.9184
"122","1959/02","Eisenhower",59,"Republican",NA,"Senate","Republican","80",5.9,NA,NA
"123","1959/03","Eisenhower",58,"Republican",NA,"Senate","Republican","80",5.6,NA,NA
"124","1959/04","Eisenhower",61,"Republican",NA,"Senate","Republican","80",5.2,3427.667,2.2534
"125","1959/05","Eisenhower",64,"Republican",NA,"Senate","Republican","80",5.1,NA,NA
"126","1959/06","Eisenhower",62,"Republican",NA,"Senate","Republican","80",5,NA,NA
"127","1959/07","Eisenhower",61,"Republican",NA,"Senate","Republican","80",5.1,3430.057,0.0697
"128","1959/08","Eisenhower",67,"Republican",NA,"Senate","Republican","80",5.2,NA,NA
"129","1959/09","Eisenhower",66,"Republican",NA,"Senate","Republican","80",5.5,NA,NA
"130","1959/10","Eisenhower",67,"Republican",NA,"Senate","Republican","80",5.7,3439.832,0.285
"131","1959/11","Eisenhower",65,"Republican",NA,"Senate","Republican","80",5.8,NA,NA
"132","1959/12","Eisenhower",72,"Republican",NA,"Senate","Republican","80",5.3,NA,NA
"133","1960/01","Eisenhower",66,"Republican",NA,"Senate","Republican","76",5.2,3517.181,2.2486
"134","1960/02","Eisenhower",64,"Republican",NA,"Senate","Republican","76",4.8,NA,NA
"135","1960/03","Eisenhower",64.5,"Republican",NA,"Senate","Republican","76",5.4,NA,NA
"136","1960/04","Eisenhower",62,"Republican",NA,"Senate","Republican","76",5.2,3498.246,-0.5384
"137","1960/05","Eisenhower",65,"Republican",NA,"Senate","Republican","76",5.1,NA,NA
"138","1960/06","Eisenhower",59,"Republican",NA,"Senate","Republican","76",5.4,NA,NA
"139","1960/07","Eisenhower",56,"Republican",NA,"Senate","Republican","76",5.5,3515.385,0.4899
"140","1960/08","Eisenhower",62,"Republican",NA,"Senate","Republican","76",5.6,NA,NA
"141","1960/09","Eisenhower",61.5,"Republican",NA,"Senate","Republican","76",5.5,NA,NA
"142","1960/10","Eisenhower",58,"Republican",NA,"Senate","Republican","76",6.1,3470.278,-1.2831
"143","1960/11","Eisenhower",59,"Republican",NA,"Senate","Republican","76",6.1,NA,NA
"144","1960/12","Eisenhower",59,"Republican",NA,"Senate","Republican","76",6.6,NA,NA
"145","1961/02","Kennedy",72,"Democrat",NA,"Senate","Democrat","73",6.9,NA,NA
"146","1961/03","Kennedy",73,"Democrat",NA,"Senate","Democrat","73",6.9,NA,NA
"147","1961/04","Kennedy",80.5,"Democrat",NA,"Senate","Democrat","73",7,3553.021,1.6979
"148","1961/05","Kennedy",75.3333,"Democrat",NA,"Senate","Democrat","73",7.1,NA,NA
"149","1961/06","Kennedy",72,"Democrat",NA,"Senate","Democrat","73",6.9,NA,NA
"150","1961/07","Kennedy",75,"Democrat",NA,"Senate","Democrat","73",7,3621.252,1.9204
"151","1961/08","Kennedy",76,"Democrat",NA,"Senate","Democrat","73",6.6,NA,NA
"152","1961/09","Kennedy",79,"Democrat",NA,"Senate","Democrat","73",6.7,NA,NA
"153","1961/10","Kennedy",77,"Democrat",NA,"Senate","Democrat","73",6.5,3692.289,1.9617
"154","1961/11","Kennedy",79,"Democrat",NA,"Senate","Democrat","73",6.1,NA,NA
"155","1961/12","Kennedy",77,"Democrat",NA,"Senate","Democrat","73",6,NA,NA
"156","1962/01","Kennedy",79,"Democrat",NA,"Senate","Democrat","76",5.8,3758.147,1.7837
"157","1962/02","Kennedy",78,"Democrat",NA,"Senate","Democrat","76",5.5,NA,NA
"158","1962/03","Kennedy",79,"Democrat",NA,"Senate","Democrat","76",5.6,NA,NA
"159","1962/04","Kennedy",77,"Democrat",NA,"Senate","Democrat","76",5.6,3792.149,0.9048
"160","1962/05","Kennedy",72.5,"Democrat",NA,"Senate","Democrat","76",5.5,NA,NA
"161","1962/06","Kennedy",69,"Democrat",NA,"Senate","Democrat","76",5.5,NA,NA
"162","1962/07","Kennedy",66,"Democrat",NA,"Senate","Democrat","76",5.4,3838.776,1.2296
"163","1962/08","Kennedy",67,"Democrat",NA,"Senate","Democrat","76",5.7,NA,NA
"164","1962/09","Kennedy",63,"Democrat",NA,"Senate","Democrat","76",5.6,NA,NA
"165","1962/10","Kennedy",61,"Democrat",NA,"Senate","Democrat","76",5.4,3851.421,0.3294
"166","1962/11","Kennedy",74,"Democrat",NA,"Senate","Democrat","76",5.7,NA,NA
"167","1962/12","Kennedy",76,"Democrat",NA,"Senate","Democrat","76",5.5,NA,NA
"168","1963/01","Kennedy",74,"Democrat",NA,"Senate","Democrat","77",5.7,3893.482,1.0921
"169","1963/02","Kennedy",70,"Democrat",NA,"Senate","Democrat","77",5.9,NA,NA
"170","1963/03","Kennedy",67,"Democrat",NA,"Senate","Democrat","77",5.7,NA,NA
"171","1963/04","Kennedy",66,"Democrat",NA,"Senate","Democrat","77",5.7,3937.183,1.1224
"172","1963/05","Kennedy",64.3333,"Democrat",NA,"Senate","Democrat","77",5.9,NA,NA
"173","1963/06","Kennedy",61,"Democrat",NA,"Senate","Democrat","77",5.6,NA,NA
"174","1963/07","Kennedy",61,"Democrat",NA,"Senate","Democrat","77",5.6,4023.755,2.1988
"175","1963/08","Kennedy",62,"Democrat",NA,"Senate","Democrat","77",5.4,NA,NA
"176","1963/09","Kennedy",56,"Democrat",NA,"Senate","Democrat","77",5.5,NA,NA
"177","1963/10","Kennedy",58,"Democrat",NA,"Senate","Democrat","77",5.5,4050.147,0.6559
"178","1963/11","Kennedy",58,"Democrat",NA,"Senate","Democrat","77",5.7,NA,NA
"179","1963/12","Johnson",76,"Democrat",NA,"Senate","Democrat","77",5.5,NA,NA
"180","1964/01","Johnson",76.5,"Democrat",NA,"Senate","Democrat","73",5.6,4135.553,2.1087
"181","1964/02","Johnson",76,"Democrat",NA,"Senate","Democrat","73",5.4,NA,NA
"182","1964/03","Johnson",76,"Democrat",NA,"Senate","Democrat","73",5.4,NA,NA
"183","1964/04","Johnson",75,"Democrat",NA,"Senate","Democrat","73",5.3,4180.592,1.0891
"184","1964/05","Johnson",74.5,"Democrat",NA,"Senate","Democrat","73",5.1,NA,NA
"185","1964/06","Johnson",74,"Democrat",NA,"Senate","Democrat","73",5.2,NA,NA
"186","1964/11","Johnson",70,"Democrat",NA,"Senate","Democrat","73",4.8,NA,NA
"187","1964/12","Johnson",69,"Democrat",NA,"Senate","Democrat","73",5,NA,NA
"188","1965/01","Johnson",70.5,"Democrat",NA,"Senate","Democrat","75",4.9,4362.111,2.4199
"189","1965/02","Johnson",68,"Democrat",NA,"Senate","Democrat","75",5.1,NA,NA
"190","1965/03","Johnson",68.5,"Democrat",NA,"Senate","Democrat","75",4.7,NA,NA
"191","1965/04","Johnson",65.5,"Democrat",NA,"Senate","Democrat","75",4.8,4417.225,1.2635
"192","1965/05","Johnson",70,"Democrat",NA,"Senate","Democrat","75",4.6,NA,NA
"193","1965/06","Johnson",67,"Democrat",NA,"Senate","Democrat","75",4.6,NA,NA
"194","1965/07","Johnson",65,"Democrat",NA,"Senate","Democrat","75",4.4,4515.427,2.2232
"195","1965/08","Johnson",64.5,"Democrat",NA,"Senate","Democrat","75",4.4,NA,NA
"196","1965/09","Johnson",63,"Democrat",NA,"Senate","Democrat","75",4.3,NA,NA
"197","1965/10","Johnson",65.5,"Democrat",NA,"Senate","Democrat","75",4.2,4619.458,2.3039
"198","1965/11","Johnson",62,"Democrat",NA,"Senate","Democrat","75",4.1,NA,NA
"199","1965/12","Johnson",61,"Democrat",NA,"Senate","Democrat","75",4,NA,NA
"200","1966/01","Johnson",61,"Democrat",NA,"Senate","Democrat","71",4,4731.888,2.4338
"201","1966/02","Johnson",56,"Democrat",NA,"Senate","Democrat","71",3.8,NA,NA
"202","1966/03","Johnson",57.5,"Democrat",NA,"Senate","Democrat","71",3.8,NA,NA
"203","1966/04","Johnson",54,"Democrat",NA,"Senate","Democrat","71",3.8,4748.046,0.3415
"204","1966/05","Johnson",48,"Democrat",NA,"Senate","Democrat","71",3.9,NA,NA
"205","1966/06","Johnson",48,"Democrat",NA,"Senate","Democrat","71",3.8,NA,NA
"206","1966/07","Johnson",53.5,"Democrat",NA,"Senate","Democrat","71",3.8,4788.254,0.8468
"207","1966/08","Johnson",47,"Democrat",NA,"Senate","Democrat","71",3.8,NA,NA
"208","1966/09","Johnson",46,"Democrat",NA,"Senate","Democrat","71",3.7,NA,NA
"209","1966/10","Johnson",44,"Democrat",NA,"Senate","Democrat","71",3.7,4827.537,0.8204
"210","1966/11","Johnson",49,"Democrat",NA,"Senate","Democrat","71",3.6,NA,NA
"211","1966/12","Johnson",44,"Democrat",NA,"Senate","Democrat","71",3.8,NA,NA
"212","1967/01","Johnson",46.5,"Democrat",NA,"Senate","Democrat","73",3.9,4870.299,0.8858
"213","1967/02","Johnson",45,"Democrat",NA,"Senate","Democrat","73",3.8,NA,NA
"214","1967/03","Johnson",45.5,"Democrat",NA,"Senate","Democrat","73",3.8,NA,NA
"215","1967/04","Johnson",48,"Democrat",NA,"Senate","Democrat","73",3.8,4873.287,0.0614
"216","1967/05","Johnson",45,"Democrat",NA,"Senate","Democrat","73",3.8,NA,NA
"217","1967/06","Johnson",47.5,"Democrat",NA,"Senate","Democrat","73",3.9,NA,NA
"218","1967/07","Johnson",47,"Democrat",NA,"Senate","Democrat","73",3.8,4919.392,0.9461
"219","1967/08","Johnson",39.5,"Democrat",NA,"Senate","Democrat","73",3.8,NA,NA
"220","1967/09","Johnson",38,"Democrat",NA,"Senate","Democrat","73",3.8,NA,NA
"221","1967/10","Johnson",39.5,"Democrat",NA,"Senate","Democrat","73",4,4956.477,0.7539
"222","1967/11","Johnson",42,"Democrat",NA,"Senate","Democrat","73",3.9,NA,NA
"223","1967/12","Johnson",46,"Democrat",NA,"Senate","Democrat","73",3.8,NA,NA
"224","1968/01","Johnson",48,"Democrat",NA,"Senate","Democrat","64",3.7,5057.553,2.0393
"225","1968/02","Johnson",41,"Democrat",NA,"Senate","Democrat","64",3.8,NA,NA
"226","1968/03","Johnson",36,"Democrat",NA,"Senate","Democrat","64",3.7,NA,NA
"227","1968/04","Johnson",50,"Democrat",NA,"Senate","Democrat","64",3.5,5142.033,1.6704
"228","1968/05","Johnson",43.5,"Democrat",NA,"Senate","Democrat","64",3.5,NA,NA
"229","1968/06","Johnson",41,"Democrat",NA,"Senate","Democrat","64",3.7,NA,NA
"230","1968/07","Johnson",40,"Democrat",NA,"Senate","Democrat","64",3.7,5181.859,0.7745
"231","1968/08","Johnson",35,"Democrat",NA,"Senate","Democrat","64",3.5,NA,NA
"232","1968/09","Johnson",42,"Democrat",NA,"Senate","Democrat","64",3.4,NA,NA
"233","1968/11","Johnson",43,"Democrat",NA,"Senate","Democrat","64",3.4,NA,NA
"234","1968/12","Johnson",44,"Democrat",NA,"Senate","Democrat","64",3.4,NA,NA
"235","1969/01","Johnson",49,"Democrat",NA,"Senate","Republican","74",3.4,5283.597,1.5644
"236","1969/02","Nixon",60,"Republican",NA,"Senate","Republican","74",3.4,NA,NA
"237","1969/03","Nixon",64,"Republican",NA,"Senate","Republican","74",3.4,NA,NA
"238","1969/04","Nixon",61,"Republican",NA,"Senate","Republican","74",3.4,5299.625,0.3034
"239","1969/05","Nixon",63,"Republican",NA,"Senate","Republican","74",3.4,NA,NA
"240","1969/06","Nixon",63,"Republican",NA,"Senate","Republican","74",3.5,NA,NA
"241","1969/07","Nixon",61.5,"Republican",NA,"Senate","Republican","74",3.5,5334.6,0.66
"242","1969/08","Nixon",62,"Republican",NA,"Senate","Republican","74",3.5,NA,NA
"243","1969/09","Nixon",59,"Republican",NA,"Senate","Republican","74",3.7,NA,NA
"244","1969/10","Nixon",56.5,"Republican",NA,"Senate","Republican","74",3.7,5308.556,-0.4882
"245","1969/11","Nixon",67,"Republican",NA,"Senate","Republican","74",3.5,NA,NA
"246","1969/12","Nixon",59,"Republican",NA,"Senate","Republican","74",3.5,NA,NA
"247","1970/01","Nixon",62.6667,"Republican",NA,"Senate","Republican","74",3.9,5300.652,-0.1489
"248","1970/02","Nixon",56,"Republican",NA,"Senate","Republican","74",4.2,NA,NA
"249","1970/03","Nixon",53.5,"Republican",NA,"Senate","Republican","74",4.4,NA,NA
"250","1970/04","Nixon",56.5,"Republican",NA,"Senate","Republican","74",4.6,5308.164,0.1417
"251","1970/05","Nixon",59,"Republican",NA,"Senate","Republican","74",4.8,NA,NA
"252","1970/06","Nixon",55,"Republican",NA,"Senate","Republican","74",4.9,NA,NA
"253","1970/07","Nixon",58,"Republican",NA,"Senate","Republican","74",5,5357.077,0.9215
"254","1970/08","Nixon",55,"Republican",NA,"Senate","Republican","74",5.1,NA,NA
"255","1970/09","Nixon",54,"Republican",NA,"Senate","Republican","74",5.4,NA,NA
"256","1970/10","Nixon",58,"Republican",NA,"Senate","Republican","74",5.5,5299.672,-1.0716
"257","1970/11","Nixon",57,"Republican",NA,"Senate","Republican","74",5.9,NA,NA
"258","1970/12","Nixon",52,"Republican",NA,"Senate","Republican","74",6.1,NA,NA
"259","1971/01","Nixon",56,"Republican",NA,"Senate","Republican","76",5.9,5443.619,2.7161
"260","1971/02","Nixon",49,"Republican",NA,"Senate","Republican","76",5.9,NA,NA
"261","1971/03","Nixon",50,"Republican",NA,"Senate","Republican","76",6,NA,NA
"262","1971/04","Nixon",49.5,"Republican",NA,"Senate","Republican","76",5.9,5473.059,0.5408
"263","1971/05","Nixon",50,"Republican",NA,"Senate","Republican","76",5.9,NA,NA
"264","1971/06","Nixon",48,"Republican",NA,"Senate","Republican","76",5.9,NA,NA
"265","1971/07","Nixon",50,"Republican",NA,"Senate","Republican","76",6,5518.072,0.8224
"266","1971/08","Nixon",49,"Republican",NA,"Senate","Republican","76",6.1,NA,NA
"267","1971/10","Nixon",50.5,"Republican",NA,"Senate","Republican","76",5.8,5531.032,0.2349
"268","1971/12","Nixon",50,"Republican",NA,"Senate","Republican","76",6,NA,NA
"269","1972/01","Nixon",49,"Republican",NA,"Senate","Republican","77",5.8,5632.649,1.8372
"270","1972/02","Nixon",52,"Republican",NA,"Senate","Republican","77",5.7,NA,NA
"271","1972/03","Nixon",54.5,"Republican",NA,"Senate","Republican","77",5.8,NA,NA
"272","1972/04","Nixon",54,"Republican",NA,"Senate","Republican","77",5.7,5760.47,2.2693
"273","1972/05","Nixon",62,"Republican",NA,"Senate","Republican","77",5.7,NA,NA
"274","1972/06","Nixon",57.5,"Republican",NA,"Senate","Republican","77",5.7,NA,NA
"275","1972/11","Nixon",62,"Republican",NA,"Senate","Republican","77",5.3,NA,NA
"276","1972/12","Nixon",59,"Republican",NA,"Senate","Republican","77",5.2,NA,NA
"277","1973/01","Nixon",59,"Republican",NA,"Senate","Republican","70",4.9,6058.544,2.4749
"278","1973/02","Nixon",65,"Republican",NA,"Senate","Republican","70",5,NA,NA
"279","1973/03","Nixon",57,"Republican",NA,"Senate","Republican","70",4.9,NA,NA
"280","1973/04","Nixon",51,"Republican",NA,"Senate","Republican","70",5,6124.506,1.0887
"281","1973/05","Nixon",44.5,"Republican",NA,"Senate","Republican","70",4.9,NA,NA
"282","1973/06","Nixon",44,"Republican",NA,"Senate","Republican","70",4.9,NA,NA
"283","1973/07","Nixon",39,"Republican",NA,"Senate","Republican","70",4.8,6092.301,-0.5258
"284","1973/08","Nixon",33.5,"Republican",NA,"Senate","Republican","70",4.8,NA,NA
"285","1973/09","Nixon",33.5,"Republican",NA,"Senate","Republican","70",4.8,NA,NA
"286","1973/10","Nixon",28.5,"Republican",NA,"Senate","Republican","70",4.6,6150.131,0.9492
"287","1973/11","Nixon",29,"Republican",NA,"Senate","Republican","70",4.8,NA,NA
"288","1973/12","Nixon",29,"Republican",NA,"Senate","Republican","70",4.9,NA,NA
"289","1974/01","Nixon",26.5,"Republican",NA,"Senate","Republican","65",5.1,6097.258,-0.8597
"290","1974/02","Nixon",26.6667,"Republican",NA,"Senate","Republican","65",5.2,NA,NA
"291","1974/03","Nixon",26,"Republican",NA,"Senate","Republican","65",5.1,NA,NA
"292","1974/04","Nixon",25.5,"Republican",NA,"Senate","Republican","65",5.1,6111.751,0.2377
"293","1974/05","Nixon",26,"Republican",NA,"Senate","Republican","65",5.1,NA,NA
"294","1974/06","Nixon",27,"Republican",NA,"Senate","Republican","65",5.4,NA,NA
"295","1974/07","Nixon",24,"Republican",NA,"Senate","Republican","65",5.5,6053.978,-0.9453
"296","1974/08","Nixon",24,"Republican",NA,"Senate","Republican","65",5.5,NA,NA
"297","1974/09","Ford",58,"Republican",NA,"Senate","Republican","67",5.9,NA,NA
"298","1974/10","Ford",53,"Republican",NA,"Senate","Republican","67",6,6030.464,-0.3884
"299","1974/11","Ford",47.5,"Republican",NA,"Senate","Republican","67",6.6,NA,NA
"300","1974/12","Ford",42,"Republican",NA,"Senate","Republican","67",7.2,NA,NA
"301","1975/01","Ford",38,"Republican",NA,"Senate","Republican","76",8.1,5957.035,-1.2176
"302","1975/02","Ford",39,"Republican",NA,"Senate","Republican","76",8.1,NA,NA
"303","1975/03","Ford",37.5,"Republican",NA,"Senate","Republican","76",8.6,NA,NA
"304","1975/04","Ford",41.5,"Republican",NA,"Senate","Republican","76",8.8,5999.61,0.7147
"305","1975/05","Ford",45.5,"Republican",NA,"Senate","Republican","76",9,NA,NA
"306","1975/06","Ford",52,"Republican",NA,"Senate","Republican","76",8.8,NA,NA
"307","1975/08","Ford",45.5,"Republican",NA,"Senate","Republican","76",8.4,NA,NA
"308","1975/09","Ford",45,"Republican",NA,"Senate","Republican","76",8.4,NA,NA
"309","1975/10","Ford",46,"Republican",NA,"Senate","Republican","76",8.4,6184.53,1.3471
"310","1975/11","Ford",41,"Republican",NA,"Senate","Republican","76",8.3,NA,NA
"311","1975/12","Ford",42.5,"Republican",NA,"Senate","Republican","76",8.2,NA,NA
"312","1976/01","Ford",45.6667,"Republican",NA,"Senate","Republican","73",7.9,6323.649,2.2495
"313","1976/02","Ford",48,"Republican",NA,"Senate","Republican","73",7.7,NA,NA
"314","1976/03","Ford",50,"Republican",NA,"Senate","Republican","73",7.6,NA,NA
"315","1976/04","Ford",48,"Republican",NA,"Senate","Republican","73",7.7,6370.025,0.7334
"316","1976/05","Ford",47,"Republican",NA,"Senate","Republican","73",7.4,NA,NA
"317","1976/06","Ford",45,"Republican",NA,"Senate","Republican","73",7.6,NA,NA
"318","1976/12","Ford",53,"Republican",NA,"Senate","Republican","73",7.8,NA,NA
"319","1977/02","Carter",68.5,"Democrat",NA,"Senate","Democrat","77",7.6,NA,NA
"320","1977/03","Carter",72.3333,"Democrat",NA,"Senate","Democrat","77",7.4,NA,NA
"321","1977/04","Carter",64.3333,"Democrat",NA,"Senate","Democrat","77",7.2,6654.466,1.9419
"322","1977/05","Carter",65,"Democrat",NA,"Senate","Democrat","77",7,NA,NA
"323","1977/06","Carter",63,"Democrat",NA,"Senate","Democrat","77",7.2,NA,NA
"324","1977/07","Carter",64.5,"Democrat",NA,"Senate","Democrat","77",6.9,6774.457,1.8032
"325","1977/08","Carter",63,"Democrat",NA,"Senate","Democrat","77",7,NA,NA
"326","1977/09","Carter",56.5,"Democrat",NA,"Senate","Democrat","77",6.8,NA,NA
"327","1977/10","Carter",53.3333,"Democrat",NA,"Senate","Democrat","77",6.8,6774.592,0.002
"328","1977/11","Carter",55.5,"Democrat",NA,"Senate","Democrat","77",6.8,NA,NA
"329","1977/12","Carter",57,"Democrat",NA,"Senate","Democrat","77",6.4,NA,NA
"330","1978/01","Carter",53.5,"Democrat",NA,"Senate","Democrat","74",6.4,6796.26,0.3198
"331","1978/02","Carter",48.5,"Democrat",NA,"Senate","Democrat","74",6.3,NA,NA
"332","1978/03","Carter",49,"Democrat",NA,"Senate","Democrat","74",6.3,NA,NA
"333","1978/04","Carter",40.5,"Democrat",NA,"Senate","Democrat","74",6.1,7058.92,3.8648
"334","1978/05","Carter",42,"Democrat",NA,"Senate","Democrat","74",6,NA,NA
"335","1978/06","Carter",43,"Democrat",NA,"Senate","Democrat","74",5.9,NA,NA
"336","1978/07","Carter",39.5,"Democrat",NA,"Senate","Democrat","74",6.2,7129.915,1.0057
"337","1978/08","Carter",40.6667,"Democrat",NA,"Senate","Democrat","74",5.9,NA,NA
"338","1978/09","Carter",45,"Democrat",NA,"Senate","Democrat","74",6,NA,NA
"339","1978/10","Carter",49,"Democrat",NA,"Senate","Democrat","74",5.8,7225.75,1.3441
"340","1978/11","Carter",52,"Democrat",NA,"Senate","Democrat","74",5.9,NA,NA
"341","1978/12","Carter",50.5,"Democrat",NA,"Senate","Democrat","74",6,NA,NA
"342","1979/01","Carter",46.5,"Democrat",NA,"Senate","Democrat","75",5.9,7238.727,0.1796
"343","1979/02","Carter",39.5,"Democrat",NA,"Senate","Democrat","75",5.9,NA,NA
"344","1979/03","Carter",42.6667,"Democrat",NA,"Senate","Democrat","75",5.8,NA,NA
"345","1979/04","Carter",40,"Democrat",NA,"Senate","Democrat","75",5.8,7246.454,0.1067
"346","1979/05","Carter",34.5,"Democrat",NA,"Senate","Democrat","75",5.6,NA,NA
"347","1979/06","Carter",28.6667,"Democrat",NA,"Senate","Democrat","75",5.7,NA,NA
"348","1979/07","Carter",29,"Democrat",NA,"Senate","Democrat","75",5.7,7300.281,0.7428
"349","1979/08","Carter",32.3333,"Democrat",NA,"Senate","Democrat","75",6,NA,NA
"350","1979/09","Carter",31.5,"Democrat",NA,"Senate","Democrat","75",5.9,NA,NA
"351","1979/10","Carter",30,"Democrat",NA,"Senate","Democrat","75",6,7318.535,0.25
"352","1979/11","Carter",40.3333,"Democrat",NA,"Senate","Democrat","75",5.9,NA,NA
"353","1979/12","Carter",54,"Democrat",NA,"Senate","Democrat","75",6,NA,NA
"354","1980/01","Carter",57,"Democrat",NA,"Senate","Democrat","71",6.3,7341.557,0.3146
"355","1980/02","Carter",53.5,"Democrat",NA,"Senate","Democrat","71",6.3,NA,NA
"356","1980/03","Carter",41,"Democrat",NA,"Senate","Democrat","71",6.3,NA,NA
"357","1980/04","Carter",39,"Democrat",NA,"Senate","Democrat","71",6.9,7190.289,-2.0604
"358","1980/05","Carter",39.6667,"Democrat",NA,"Senate","Democrat","71",7.5,NA,NA
"359","1980/06","Carter",31.5,"Democrat",NA,"Senate","Democrat","71",7.6,NA,NA
"360","1980/07","Carter",33,"Democrat",NA,"Senate","Democrat","71",7.8,7181.743,-0.1189
"361","1980/08","Carter",32,"Democrat",NA,"Senate","Democrat","71",7.7,NA,NA
"362","1980/09","Carter",37,"Democrat",NA,"Senate","Democrat","71",7.5,NA,NA
"363","1980/11","Carter",31,"Democrat",NA,"Senate","Democrat","71",7.5,NA,NA
"364","1980/12","Carter",34,"Democrat",NA,"Senate","Democrat","71",7.2,NA,NA
"365","1981/01","Reagan",51,"Republican",NA,"Senate","Republican","84",7.5,7459.022,1.9594
"366","1981/02","Reagan",55,"Republican",NA,"Senate","Republican","84",7.4,NA,NA
"367","1981/03","Reagan",60,"Republican",NA,"Senate","Republican","84",7.4,NA,NA
"368","1981/04","Reagan",67,"Republican",NA,"Senate","Republican","84",7.2,7403.745,-0.7411
"369","1981/05","Reagan",68,"Republican",NA,"Senate","Republican","84",7.5,NA,NA
"370","1981/06","Reagan",58.6667,"Republican",NA,"Senate","Republican","84",7.5,NA,NA
"371","1981/07","Reagan",58.6667,"Republican",NA,"Senate","Republican","84",7.2,7492.405,1.1975
"372","1981/08","Reagan",60,"Republican",NA,"Senate","Republican","84",7.4,NA,NA
"373","1981/10","Reagan",54.5,"Republican",NA,"Senate","Republican","84",7.9,7410.768,-1.0896
"374","1981/11","Reagan",51.5,"Republican",NA,"Senate","Republican","84",8.3,NA,NA
"375","1981/12","Reagan",49,"Republican",NA,"Senate","Republican","84",8.5,NA,NA
"376","1982/01","Reagan",48,"Republican",NA,"Senate","Republican","77",8.6,7295.631,-1.5536
"377","1982/02","Reagan",47,"Republican",NA,"Senate","Republican","77",8.9,NA,NA
"378","1982/03","Reagan",46,"Republican",NA,"Senate","Republican","77",9,NA,NA
"379","1982/04","Reagan",44,"Republican",NA,"Senate","Republican","77",9.3,7328.912,0.4562
"380","1982/05","Reagan",45,"Republican",NA,"Senate","Republican","77",9.4,NA,NA
"381","1982/06","Reagan",44.5,"Republican",NA,"Senate","Republican","77",9.6,NA,NA
"382","1982/07","Reagan",41.5,"Republican",NA,"Senate","Republican","77",9.8,7300.896,-0.3823
"383","1982/08","Reagan",41.5,"Republican",NA,"Senate","Republican","77",9.8,NA,NA
"384","1982/09","Reagan",42,"Republican",NA,"Senate","Republican","77",10.1,NA,NA
"385","1982/10","Reagan",42,"Republican",NA,"Senate","Republican","77",10.4,7303.817,0.04
"386","1982/11","Reagan",43,"Republican",NA,"Senate","Republican","77",10.8,NA,NA
"387","1982/12","Reagan",41,"Republican",NA,"Senate","Republican","77",10.8,NA,NA
"388","1983/01","Reagan",36.3333,"Republican",5.01465339985201,"Senate","Republican","77",10.4,7400.066,1.3178
"389","1983/02","Reagan",40,"Republican",4.95254511658214,"Senate","Republican","77",10.4,NA,NA
"390","1983/03","Reagan",41,"Republican",3.61226055575943,"Senate","Republican","77",10.3,NA,NA
"391","1983/04","Reagan",42,"Republican",4.82805415199952,"Senate","Republican","77",10.2,7568.456,2.2755
"392","1983/05","Reagan",44.5,"Republican",3.76732629829308,"Senate","Republican","77",10.1,NA,NA
"393","1983/06","Reagan",45,"Republican",2.44129775124315,"Senate","Republican","77",10.1,NA,NA
"394","1983/07","Reagan",43,"Republican",3.69758219019019,"Senate","Republican","77",9.4,7719.746,1.999
"395","1983/08","Reagan",43.3333,"Republican",4.89699036825662,"Senate","Republican","77",9.5,NA,NA
"396","1983/09","Reagan",47,"Republican",4.83782787221898,"Senate","Republican","77",9.2,NA,NA
"397","1983/10","Reagan",47,"Republican",4.70970672176305,"Senate","Republican","77",8.8,7880.794,2.0862
"398","1983/11","Reagan",53,"Republican",4.88207173553306,"Senate","Republican","77",8.5,NA,NA
"399","1983/12","Reagan",54,"Republican",3.62676569355638,"Senate","Republican","77",8.3,NA,NA
"400","1984/01","Reagan",53.5,"Republican",4.85249045742944,"Senate","Republican","81",8,8034.847,1.9548
"401","1984/02","Reagan",55,"Republican",4.63237742879932,"Senate","Republican","81",7.8,NA,NA
"402","1984/03","Reagan",54,"Republican",3.9232261628567,"Senate","Republican","81",7.8,NA,NA
"403","1984/04","Reagan",54,"Republican",4.47375381987558,"Senate","Republican","81",7.7,8173.67,1.7278
"404","1984/05","Reagan",53,"Republican",3.39750480403012,"Senate","Republican","81",7.4,NA,NA
"405","1984/06","Reagan",54,"Republican",4.54047640450119,"Senate","Republican","81",7.2,NA,NA
"406","1984/07","Reagan",53.6667,"Republican",4.70970672176305,"Senate","Republican","81",7.5,8252.465,0.964
"407","1984/08","Reagan",54,"Republican",4.69130811372347,"Senate","Republican","81",7.5,NA,NA
"408","1984/09","Reagan",56,"Republican",4.47687654026121,"Senate","Republican","81",7.3,NA,NA
"409","1984/10","Reagan",58,"Republican",3.49653411864965,"Senate","Republican","81",7.4,8320.199,0.8208
"410","1984/11","Reagan",61.5,"Republican",2.60802524955723,"Senate","Republican","81",7.2,NA,NA
"411","1984/12","Reagan",59,"Republican",3.52031390413785,"Senate","Republican","81",7.3,NA,NA
"412","1985/01","Reagan",63,"Republican",3.07490272291309,"Senate","Republican","80",7.3,8400.82,0.969
"413","1985/02","Reagan",60,"Republican",5.60339750649217,"Senate","Republican","80",7.2,NA,NA
"414","1985/03","Reagan",56,"Republican",4.7143381308006,"Senate","Republican","80",7.2,NA,NA
"415","1985/04","Reagan",52,"Republican",4.49361632464027,"Senate","Republican","80",7.3,8474.787,0.8805
"416","1985/05","Reagan",55,"Republican",3.30709306957033,"Senate","Republican","80",7.2,NA,NA
"417","1985/06","Reagan",58,"Republican",4.93736852619913,"Senate","Republican","80",7.4,NA,NA
"418","1985/07","Reagan",63,"Republican",2.43148344196247,"Senate","Republican","80",7.4,8604.22,1.5273
"419","1985/08","Reagan",61,"Republican",3.45963563464555,"Senate","Republican","80",7.1,NA,NA
"420","1985/09","Reagan",60,"Republican",3.44960801789345,"Senate","Republican","80",7.1,NA,NA
"421","1985/10","Reagan",63,"Republican",3.46285448524264,"Senate","Republican","80",7.1,8668.188,0.7434
"422","1985/11","Reagan",63.5,"Republican",5.39203871117875,"Senate","Republican","80",7,NA,NA
"423","1985/12","Reagan",63,"Republican",3.08316960669681,"Senate","Republican","80",7,NA,NA
"424","1986/01","Reagan",64,"Republican",4.42330037720973,"Senate","Republican","90",6.7,8749.127,0.9337
"425","1986/03","Reagan",63,"Republican",4.38684814912311,"Senate","Republican","90",7.2,NA,NA
"426","1986/04","Reagan",62,"Republican",4.16962440517514,"Senate","Republican","90",7.1,8788.524,0.4503
"427","1986/05","Reagan",68,"Republican",2.24297330698615,"Senate","Republican","90",7.2,NA,NA
"428","1986/06","Reagan",62.5,"Republican",3.39428781716422,"Senate","Republican","90",7.2,NA,NA
"429","1986/07","Reagan",63,"Republican",4.01960626544133,"Senate","Republican","90",7,8872.601,0.9567
"430","1986/08","Reagan",61,"Republican",3.28286363623527,"Senate","Republican","90",6.9,NA,NA
"431","1986/09","Reagan",62,"Republican",4.0014431118512,"Senate","Republican","90",7,NA,NA
"432","1986/10","Reagan",63,"Republican",4.17062103943193,"Senate","Republican","90",7,8920.193,0.5364
"433","1986/12","Reagan",47.5,"Republican",3.92745273377464,"Senate","Republican","90",6.6,NA,NA
"434","1987/01","Reagan",48,"Republican",5.35829784555726,"Senate","Republican","67",6.6,8986.367,0.7418
"435","1987/03","Reagan",45,"Republican",3.7989855746732,"Senate","Republican","67",6.6,NA,NA
"436","1987/04","Reagan",48,"Republican",4.73286577001573,"Senate","Republican","67",6.3,9083.256,1.0782
"437","1987/06","Reagan",50,"Republican",2.86855746715575,"Senate","Republican","67",6.2,NA,NA
"438","1987/07","Reagan",49,"Republican",4.18781448084542,"Senate","Republican","67",6.1,9162.024,0.8672
"439","1987/08","Reagan",47,"Republican",3.31302760254406,"Senate","Republican","67",6,NA,NA
"440","1987/10","Reagan",51,"Republican",3.78495509165797,"Senate","Republican","67",6,9319.332,1.717
"441","1987/12","Reagan",49,"Republican",2.84011303455471,"Senate","Republican","67",5.7,NA,NA
"442","1988/01","Reagan",49,"Republican",3.3185913873762,"Senate","Republican","73",5.7,9367.502,0.5169
"443","1988/03","Reagan",50.5,"Republican",4.41918005237509,"Senate","Republican","73",5.7,NA,NA
"444","1988/04","Reagan",50,"Republican",4.73749799282637,"Senate","Republican","73",5.4,9490.594,1.314
"445","1988/05","Reagan",49,"Republican",3.41359123842682,"Senate","Republican","73",5.6,NA,NA
"446","1988/06","Reagan",49.5,"Republican",4.67303747445387,"Senate","Republican","73",5.4,NA,NA
"447","1988/07","Reagan",52.5,"Republican",4.57072671553373,"Senate","Republican","73",5.4,9546.206,0.586
"448","1988/08","Reagan",53,"Republican",5.27348496252884,"Senate","Republican","73",5.6,NA,NA
"449","1988/09","Reagan",54,"Republican",5.00938206866559,"Senate","Republican","73",5.4,NA,NA
"450","1988/10","Reagan",51,"Republican",4.27269773492314,"Senate","Republican","73",5.4,9673.405,1.3325
"451","1988/11","Reagan",57,"Republican",2.95664547226016,"Senate","Republican","73",5.3,NA,NA
"452","1988/12","Reagan",63,"Republican",3.95007987430633,"Senate","Republican","73",5.3,NA,NA
"453","1989/01","Bush",51,"Republican",4.6814217758314,"Senate","Republican","84",5.4,9771.725,1.0164
"454","1989/02","Bush",63,"Republican",5.20947642461538,"Senate","Republican","84",5.2,NA,NA
"455","1989/03","Bush",56,"Republican",5.03461040058517,"Senate","Republican","84",5,NA,NA
"456","1989/04","Bush",58,"Republican",4.87906302071213,"Senate","Republican","84",5.2,9846.293,0.7631
"457","1989/05","Bush",59.5,"Republican",5.38800927445156,"Senate","Republican","84",5.2,NA,NA
"458","1989/06","Bush",70,"Republican",3.85500115848694,"Senate","Republican","84",5.3,NA,NA
"459","1989/07","Bush",66,"Republican",5.81426024397749,"Senate","Republican","84",5.2,9919.228,0.7407
"460","1989/08","Bush",69,"Republican",2.8558736840949,"Senate","Republican","84",5.2,NA,NA
"461","1989/09","Bush",70,"Republican",3.47288290755019,"Senate","Republican","84",5.3,NA,NA
"462","1989/10","Bush",68,"Republican",5.16912809772758,"Senate","Republican","84",5.3,9938.767,0.197
"463","1989/11","Bush",70,"Republican",4.1625237636602,"Senate","Republican","84",5.4,NA,NA
"464","1989/12","Bush",71,"Republican",3.7701813758958,"Senate","Republican","84",5.4,NA,NA
"465","1990/01","Bush",80,"Republican",5.21613993478622,"Senate","Republican","72",5.4,10047.386,1.0929
"466","1990/02","Bush",73,"Republican",4.9816503930832,"Senate","Republican","72",5.3,NA,NA
"467","1990/03","Bush",71,"Republican",5.2504678803871,"Senate","Republican","72",5.2,NA,NA
"468","1990/04","Bush",67.5,"Republican",5.31437382228312,"Senate","Republican","72",5.4,10083.855,0.363
"469","1990/05","Bush",65,"Republican",3.96649380723344,"Senate","Republican","72",5.4,NA,NA
"470","1990/06","Bush",68,"Republican",5.6279993107079,"Senate","Republican","72",5.2,NA,NA
"471","1990/07","Bush",61.5,"Republican",5.30267168754286,"Senate","Republican","72",5.5,10090.569,0.0666
"472","1990/08","Bush",74.75,"Republican",5.66560606341413,"Senate","Republican","72",5.7,NA,NA
"473","1990/09","Bush",72,"Republican",2.81672270806546,"Senate","Republican","72",5.9,NA,NA
"474","1990/10","Bush",57.25,"Republican",4.55335048443914,"Senate","Republican","72",5.9,9998.704,-0.9104
"475","1990/11","Bush",57.75,"Republican",3.61399611524087,"Senate","Republican","72",6.2,NA,NA
"476","1990/12","Bush",60.5,"Republican",5.05582611888307,"Senate","Republican","72",6.3,NA,NA
"477","1991/01","Bush",74.8333,"Republican",5.5627844862673,"Senate","Republican","83",6.4,9951.916,-0.4679
"478","1991/02","Bush",82,"Republican",4.3550241753906,"Senate","Republican","83",6.6,NA,NA
"479","1991/03","Bush",84.75,"Republican",3.65528536937658,"Senate","Republican","83",6.8,NA,NA
"480","1991/04","Bush",78.6667,"Republican",3.37276123638892,"Senate","Republican","83",6.7,10029.51,0.7797
"481","1991/05","Bush",75.25,"Republican",4.46850763239142,"Senate","Republican","83",6.9,NA,NA
"482","1991/06","Bush",71.5,"Republican",2.90193641246452,"Senate","Republican","83",6.9,NA,NA
"483","1991/07","Bush",71,"Republican",4.44203031238106,"Senate","Republican","83",6.8,10080.195,0.5054
"484","1991/08","Bush",71.3333,"Republican",3.08983246488028,"Senate","Republican","83",6.9,NA,NA
"485","1991/09","Bush",68,"Republican",4.0654000776027,"Senate","Republican","83",6.9,NA,NA
"486","1991/10","Bush",63.6,"Republican",2.33535013604969,"Senate","Republican","83",7,10115.329,0.3485
"487","1991/11","Bush",54.6667,"Republican",4.29177716897127,"Senate","Republican","83",7,NA,NA
"488","1991/12","Bush",51,"Republican",2.64599695624381,"Senate","Republican","83",7.3,NA,NA
"489","1992/01","Bush",46.3333,"Republican",1.73273035529145,"Senate","Republican","75",7.3,10236.435,1.1973
"490","1992/02","Bush",41.3333,"Republican",2.58885958946806,"Senate","Republican","75",7.4,NA,NA
"491","1992/03","Bush",41.3333,"Republican",3.78706590402491,"Senate","Republican","75",7.4,NA,NA
"492","1992/04","Bush",40.5,"Republican",2.42829426223232,"Senate","Republican","75",7.4,10347.429,1.0843
"493","1992/05","Bush",40.5,"Republican",2.80232154164044,"Senate","Republican","75",7.6,NA,NA
"494","1992/06","Bush",37.3333,"Republican",4.28890893910334,"Senate","Republican","75",7.8,NA,NA
"495","1992/07","Bush",30.5,"Republican",1.77845400998218,"Senate","Republican","75",7.7,10449.673,0.9881
"496","1992/08","Bush",38,"Republican",2.11727265581099,"Senate","Republican","75",7.6,NA,NA
"497","1992/09","Bush",37.5,"Republican",1.86470958139751,"Senate","Republican","75",7.6,NA,NA
"498","1992/10","Bush",33.5,"Republican",3.78383780857443,"Senate","Republican","75",7.3,10558.648,1.0429
"499","1992/11","Bush",43,"Republican",3.27594189784477,"Senate","Republican","75",7.4,NA,NA
"500","1992/12","Bush",49,"Republican",1.87801390592812,"Senate","Republican","75",7.4,NA,NA
"501","1993/01","Bush",56,"Republican",3.44292384762575,"Senate","Democrat","87",7.3,10576.275,0.1669
"502","1993/02","Clinton",55,"Democrat",2.29662586946326,"Senate","Democrat","87",7.1,NA,NA
"503","1993/03","Clinton",52.5,"Democrat",1.70079593612731,"Senate","Democrat","87",7,NA,NA
"504","1993/04","Clinton",55,"Democrat",4.09652033621579,"Senate","Democrat","87",7.1,10637.847,0.5822
"505","1993/05","Clinton",44.5,"Democrat",2.97550405217233,"Senate","Democrat","87",7.1,NA,NA
"506","1993/06","Clinton",40.6667,"Democrat",2.54857377980864,"Senate","Democrat","87",7,NA,NA
"507","1993/07","Clinton",43,"Democrat",1.68885336227953,"Senate","Democrat","87",6.9,10688.606,0.4772
"508","1993/08","Clinton",44,"Democrat",2.52892755090932,"Senate","Democrat","87",6.8,NA,NA
"509","1993/09","Clinton",49.6667,"Democrat",2.33400191372162,"Senate","Democrat","87",6.7,NA,NA
"510","1993/10","Clinton",48.3333,"Democrat",3.69981531304131,"Senate","Democrat","87",6.8,10833.987,1.3601
"511","1993/11","Clinton",48.6667,"Democrat",3.63606471384181,"Senate","Democrat","87",6.6,NA,NA
"512","1993/12","Clinton",53,"Democrat",2.81770747074883,"Senate","Democrat","87",6.5,NA,NA
"513","1994/01","Clinton",55.3333,"Democrat",2.71177185775588,"Senate","Democrat","88",6.6,10939.116,0.9704
"514","1994/02","Clinton",53,"Democrat",3.6058143013175,"Senate","Democrat","88",6.6,NA,NA
"515","1994/03","Clinton",50.75,"Democrat",2.17453638595826,"Senate","Democrat","88",6.5,NA,NA
"516","1994/04","Clinton",49.5,"Democrat",2.51468598068958,"Senate","Democrat","88",6.4,11087.361,1.3552
"517","1994/05","Clinton",51,"Democrat",2.90181334741006,"Senate","Democrat","88",6.1,NA,NA
"518","1994/06","Clinton",46.3333,"Democrat",2.89479196421165,"Senate","Democrat","88",6.1,NA,NA
"519","1994/07","Clinton",42.5,"Democrat",2.06945308065785,"Senate","Democrat","88",6.1,11152.176,0.5846
"520","1994/08","Clinton",41,"Democrat",3.51870377191157,"Senate","Democrat","88",6,NA,NA
"521","1994/09","Clinton",41.6667,"Democrat",3.74709367119364,"Senate","Democrat","88",5.9,NA,NA
"522","1994/10","Clinton",43.6667,"Democrat",2.22031958593512,"Senate","Democrat","88",5.8,11279.932,1.1456
"523","1994/11","Clinton",44.5,"Democrat",4.39209057745666,"Senate","Democrat","88",5.6,NA,NA
"524","1994/12","Clinton",41.3333,"Democrat",1.21608593151488,"Senate","Democrat","88",5.5,NA,NA
"525","1995/01","Clinton",47,"Democrat",4.18619483418634,"Senate","Democrat","81",5.6,11319.951,0.3548
"526","1995/02","Clinton",45.5,"Democrat",3.33763452075089,"Senate","Democrat","81",5.4,NA,NA
"527","1995/03","Clinton",45,"Democrat",3.26457127001425,"Senate","Democrat","81",5.4,NA,NA
"528","1995/04","Clinton",48,"Democrat",3.65850979935234,"Senate","Democrat","81",5.8,11353.721,0.2983
"529","1995/05","Clinton",51,"Democrat",3.55946257678259,"Senate","Democrat","81",5.6,NA,NA
"530","1995/06","Clinton",47,"Democrat",2.09953665851426,"Senate","Democrat","81",5.6,NA,NA
"531","1995/07","Clinton",47,"Democrat",3.03271532641816,"Senate","Democrat","81",5.7,11450.31,0.8507
"532","1995/08","Clinton",46,"Democrat",2.94234945083716,"Senate","Democrat","81",5.7,NA,NA
"533","1995/09","Clinton",46,"Democrat",3.2632119535976,"Senate","Democrat","81",5.6,NA,NA
"534","1995/10","Clinton",47.5,"Democrat",3.22700732941383,"Senate","Democrat","81",5.5,11528.067,0.6791
"535","1995/11","Clinton",52.5,"Democrat",2.66922899078137,"Senate","Democrat","81",5.6,NA,NA
"536","1995/12","Clinton",51,"Democrat",2.579646738882,"Senate","Democrat","81",5.6,NA,NA
"537","1996/01","Clinton",46.6667,"Democrat",3.77576772431056,"Senate","Democrat","83",5.6,11614.418,0.7491
"538","1996/02","Clinton",53,"Democrat",2.61896071161241,"Senate","Democrat","83",5.5,NA,NA
"539","1996/03","Clinton",53,"Democrat",3.11056477301865,"Senate","Democrat","83",5.5,NA,NA
"540","1996/04","Clinton",55,"Democrat",3.13327571333888,"Senate","Democrat","83",5.6,11808.14,1.6679
"541","1996/05","Clinton",54,"Democrat",2.93779005828414,"Senate","Democrat","83",5.6,NA,NA
"542","1996/06","Clinton",55,"Democrat",2.51124866161314,"Senate","Democrat","83",5.3,NA,NA
"543","1996/07","Clinton",57.5,"Democrat",3.1963724632271,"Senate","Democrat","83",5.5,11914.063,0.897
"544","1996/08","Clinton",55.5,"Democrat",2.3215009912297,"Senate","Democrat","83",5.1,NA,NA
"545","1996/09","Clinton",60,"Democrat",3.13018982525812,"Senate","Democrat","83",5.2,NA,NA
"546","1996/10","Clinton",56.3333,"Democrat",2.88198180317933,"Senate","Democrat","83",5.2,12037.775,1.0384
"547","1996/11","Clinton",58,"Democrat",3.49653411864965,"Senate","Democrat","83",5.4,NA,NA
"548","1996/12","Clinton",58,"Democrat",2.20024121572453,"Senate","Democrat","83",5.4,NA,NA
"549","1997/01","Clinton",60,"Democrat",3.02617905351408,"Senate","Democrat","87",5.3,12115.472,0.6454
"550","1997/02","Clinton",57,"Democrat",2.34294951187677,"Senate","Democrat","87",5.2,NA,NA
"551","1997/03","Clinton",59,"Democrat",2.95319457160124,"Senate","Democrat","87",5.2,NA,NA
"552","1997/04","Clinton",54,"Democrat",2.9877083499694,"Senate","Democrat","87",5.1,12317.221,1.6652
"553","1997/05","Clinton",57,"Democrat",2.63567345485551,"Senate","Democrat","87",4.9,NA,NA
"554","1997/06","Clinton",55,"Democrat",2.49848264690866,"Senate","Democrat","87",5,NA,NA
"555","1997/07","Clinton",58,"Democrat",2.02617633760405,"Senate","Democrat","87",4.9,12471.01,1.2486
"556","1997/08","Clinton",60.5,"Democrat",2.31561868855912,"Senate","Democrat","87",4.8,NA,NA
"557","1997/09","Clinton",59.5,"Democrat",2.53199694313149,"Senate","Democrat","87",4.9,NA,NA
"558","1997/10","Clinton",57,"Democrat",2.48154492879276,"Senate","Democrat","87",4.7,12577.495,0.8539
"559","1997/11","Clinton",60,"Democrat",2.70795967764159,"Senate","Democrat","87",4.6,NA,NA
"560","1997/12","Clinton",56,"Democrat",3.06873423353,"Senate","Democrat","87",4.7,NA,NA
"561","1998/01","Clinton",60.8333,"Democrat",2.42179277848711,"Senate","Democrat","86",4.6,12703.742,1.0038
"562","1998/02","Clinton",66,"Democrat",2.87065094209522,"Senate","Democrat","86",4.6,NA,NA
"563","1998/03","Clinton",64.5,"Democrat",2.44301532251741,"Senate","Democrat","86",4.7,NA,NA
"564","1998/04","Clinton",63,"Democrat",2.2748187478653,"Senate","Democrat","86",4.3,12821.339,0.9257
"565","1998/05","Clinton",64,"Democrat",3.03777216799082,"Senate","Democrat","86",4.4,NA,NA
"566","1998/06","Clinton",60,"Democrat",3.12389474765322,"Senate","Democrat","86",4.5,NA,NA
"567","1998/07","Clinton",62,"Democrat",3.21477716314102,"Senate","Democrat","86",4.5,12982.752,1.2589
"568","1998/08","Clinton",63.6667,"Democrat",3.37177160164337,"Senate","Democrat","86",4.5,NA,NA
"569","1998/09","Clinton",64,"Democrat",3.1662397199018,"Senate","Democrat","86",4.6,NA,NA
"570","1998/10","Clinton",64.75,"Democrat",3.33701606701728,"Senate","Democrat","86",4.5,13191.67,1.6092
"571","1998/11","Clinton",66,"Democrat",2.1930187838977,"Senate","Democrat","86",4.4,NA,NA
"572","1998/12","Clinton",66.5,"Democrat",1.99366872349309,"Senate","Democrat","86",4.4,NA,NA
"573","1999/01","Clinton",68.3333,"Democrat",1.54917204327125,"Senate","Democrat","86",4.3,13315.597,0.9394
"574","1999/02","Clinton",66.25,"Democrat",1.74041061308616,"Senate","Democrat","86",4.4,NA,NA
"575","1999/03","Clinton",64.5,"Democrat",1.84262079989537,"Senate","Democrat","86",4.2,NA,NA
"576","1999/04","Clinton",59.75,"Democrat",2.67599038238358,"Senate","Democrat","86",4.3,13426.748,0.8347
"577","1999/05","Clinton",56.5,"Democrat",1.71517747597234,"Senate","Democrat","86",4.2,NA,NA
"578","1999/06","Clinton",59,"Democrat",1.18284460497857,"Senate","Democrat","86",4.3,NA,NA
"579","1999/07","Clinton",60.3333,"Democrat",2.39370686970688,"Senate","Democrat","86",4.3,13604.771,1.3259
"580","1999/08","Clinton",59.6667,"Democrat",2.3615824284601,"Senate","Democrat","86",4.2,NA,NA
"581","1999/09","Clinton",59.5,"Democrat",2.48056311788833,"Senate","Democrat","86",4.2,NA,NA
"582","1999/10","Clinton",57.5,"Democrat",1.69360586521141,"Senate","Democrat","86",4.1,13827.98,1.6407
"583","1999/11","Clinton",58.5,"Democrat",2.18775527240926,"Senate","Democrat","86",4.1,NA,NA
"584","1999/12","Clinton",56.5,"Democrat",2.60237344537455,"Senate","Democrat","86",4,NA,NA
"585","2000/01","Clinton",62,"Democrat",3.85177112617523,"Senate","Democrat","92",4,13878.147,0.3628
"586","2000/02","Clinton",60.6667,"Democrat",2.78558392501993,"Senate","Democrat","92",4.1,NA,NA
"587","2000/03","Clinton",60.3333,"Democrat",3.41680877584016,"Senate","Democrat","92",4,NA,NA
"588","2000/04","Clinton",59,"Democrat",2.27690126641777,"Senate","Democrat","92",3.8,14130.908,1.8213
"589","2000/05","Clinton",57,"Democrat",2.85353384475986,"Senate","Democrat","92",4,NA,NA
"590","2000/06","Clinton",57.5,"Democrat",3.14253450270141,"Senate","Democrat","92",4,NA,NA
"591","2000/07","Clinton",58.3333,"Democrat",3.43636335274047,"Senate","Democrat","92",4,14145.312,0.1019
"592","2000/08","Clinton",59.75,"Democrat",2.87570061509343,"Senate","Democrat","92",4.1,NA,NA
"593","2000/09","Clinton",60,"Democrat",3.06873423353,"Senate","Democrat","92",3.9,NA,NA
"594","2000/10","Clinton",57.5,"Democrat",2.70107326535745,"Senate","Democrat","92",3.9,14229.765,0.597
"595","2000/11","Clinton",63,"Democrat",2.65177399972001,"Senate","Democrat","92",3.9,NA,NA
"596","2000/12","Clinton",63,"Democrat",3.29646102251591,"Senate","Democrat","92",3.9,NA,NA
"597","2001/01","Clinton",65.5,"Democrat",4.0764778317574,"Senate","Republican","96",4.2,14183.12,-0.3278
"598","2001/02","Bush",58.6667,"Republican",2.83678895437489,"Senate","Republican","96",4.2,NA,NA
"599","2001/03","Bush",58,"Republican",2.99214660516078,"Senate","Republican","96",4.3,NA,NA
"600","2001/04","Bush",60.5,"Republican",3.14463308812682,"Senate","Republican","96",4.4,14271.694,0.6245
"601","2001/05","Bush",55,"Republican",3.50111619196587,"Senate","Republican","96",4.3,NA,NA
"602","2001/06","Bush",54,"Republican",3.52180031475502,"Senate","Republican","96",4.5,NA,NA
"603","2001/07","Bush",56.5,"Republican",2.43504110768855,"Senate","Republican","96",4.6,14214.516,-0.4006
"604","2001/08","Bush",56,"Republican",3.80544284558475,"Senate","Republican","96",4.9,NA,NA
"605","2001/09","Bush",75.6667,"Republican",2.78250757475318,"Senate","Republican","96",5,NA,NA
"606","2001/10","Bush",88,"Republican",4.18407658200821,"Senate","Republican","96",5.3,14253.574,0.2748
"607","2001/11","Bush",87,"Republican",3.44317141159673,"Senate","Republican","96",5.5,NA,NA
"608","2001/12","Bush",86,"Republican",2.47528603199942,"Senate","Republican","96",5.7,NA,NA
"609","2002/01","Bush",83.6667,"Republican",2.76158967150149,"Senate","Republican","95",5.7,14372.785,0.8364
"610","2002/02","Bush",82,"Republican",3.38352407504046,"Senate","Republican","95",5.7,NA,NA
"611","2002/03","Bush",79.2,"Republican",2.8726214230371,"Senate","Republican","95",5.7,NA,NA
"612","2002/04","Bush",76.25,"Republican",2.67648214481753,"Senate","Republican","95",5.9,14460.848,0.6127
"613","2002/05","Bush",76.3333,"Republican",2.42019843819257,"Senate","Republican","95",5.8,NA,NA
"614","2002/06","Bush",73.4,"Republican",2.5025331988713,"Senate","Republican","95",5.8,NA,NA
"615","2002/07","Bush",71.6,"Republican",2.24505523113134,"Senate","Republican","95",5.8,14519.633,0.4065
"616","2002/08","Bush",66.5,"Republican",2.28572177593909,"Senate","Republican","95",5.7,NA,NA
"617","2002/09","Bush",67.2,"Republican",2.71779789775748,"Senate","Republican","95",5.7,NA,NA
"618","2002/10","Bush",64.75,"Republican",2.31390307533894,"Senate","Republican","95",5.7,14537.58,0.1236
"619","2002/11","Bush",66.3333,"Republican",1.91097600745183,"Senate","Republican","95",5.9,NA,NA
"620","2002/12","Bush",62.75,"Republican",3.01261428455382,"Senate","Republican","95",6,NA,NA
"621","2003/01","Bush",60.1667,"Republican",2.18139042769816,"Senate","Republican","96",5.8,14614.141,0.5266
"622","2003/02","Bush",58.75,"Republican",1.97583023449681,"Senate","Republican","96",5.9,NA,NA
"623","2003/03","Bush",65.2,"Republican",1.12621180925949,"Senate","Republican","96",5.9,NA,NA
"624","2003/04","Bush",70,"Republican",0.553036890472014,"Senate","Republican","96",6,14743.567,0.8856
"625","2003/05","Bush",66.3333,"Republican",1.07578818642804,"Senate","Republican","96",6.1,NA,NA
"626","2003/06","Bush",62,"Republican",1.12305963544221,"Senate","Republican","96",6.3,NA,NA
"627","2003/07","Bush",59.6667,"Republican",2.67107312265711,"Senate","Republican","96",6.2,14988.782,1.6632
"628","2003/08","Bush",59.5,"Republican",2.35741426924818,"Senate","Republican","96",6.1,NA,NA
"629","2003/09","Bush",51,"Republican",2.02226514469577,"Senate","Republican","96",6.1,NA,NA
"630","2003/10","Bush",54.6667,"Republican",2.09586749439761,"Senate","Republican","96",6,15162.76,1.1607
"631","2003/11","Bush",51.6667,"Republican",1.18636241164811,"Senate","Republican","96",5.8,NA,NA
"632","2003/12","Bush",58,"Republican",1.79882233944806,"Senate","Republican","96",5.7,NA,NA
"633","2004/01","Bush",55.25,"Republican",2.22007470598395,"Senate","Republican","93",5.7,15248.68,0.5667
"634","2004/02","Bush",51.3333,"Republican",2.91265455346974,"Senate","Republican","93",5.6,NA,NA
"635","2004/03","Bush",50.6667,"Republican",2.73440226821979,"Senate","Republican","93",5.8,NA,NA
"636","2004/04","Bush",52,"Republican",2.53838192695393,"Senate","Republican","93",5.6,15366.85,0.775
"637","2004/05","Bush",47.3333,"Republican",3.21749489052707,"Senate","Republican","93",5.6,NA,NA
"638","2004/06","Bush",48.5,"Republican",2.72493144884725,"Senate","Republican","93",5.6,NA,NA
"639","2004/07","Bush",48,"Republican",1.77113695955513,"Senate","Republican","93",5.5,15512.619,0.9486
"640","2004/08","Bush",50,"Republican",2.87323745174035,"Senate","Republican","93",5.4,NA,NA
"641","2004/09","Bush",52.6667,"Republican",2.1466349952753,"Senate","Republican","93",5.4,NA,NA
"642","2004/10","Bush",49.1667,"Republican",2.66050109372762,"Senate","Republican","93",5.5,15670.88,1.0202
"643","2004/11","Bush",54,"Republican",1.4800663055379,"Senate","Republican","93",5.4,NA,NA
"644","2004/12","Bush",51,"Republican",1.91524972608856,"Senate","Republican","93",5.4,NA,NA
"645","2005/01","Bush",51.6667,"Republican",3.42175913634541,"Senate","Republican","86",5.3,15844.727,1.1094
"646","2005/02","Bush",52.25,"Republican",3.30400229074104,"Senate","Republican","86",5.4,NA,NA
"647","2005/03","Bush",49.6667,"Republican",1.89717939501217,"Senate","Republican","86",5.2,NA,NA
"648","2005/04","Bush",48.5,"Republican",2.09647901335652,"Senate","Republican","86",5.2,15922.782,0.4926
"649","2005/05","Bush",48,"Republican",3.16846235161856,"Senate","Republican","86",5.1,NA,NA
"650","2005/06","Bush",46.25,"Republican",1.62477538920178,"Senate","Republican","86",5,NA,NA
"651","2005/07","Bush",47.3333,"Republican",3.02864557347464,"Senate","Republican","86",5,16047.587,0.7838
"652","2005/08","Bush",43.75,"Republican",2.22215620270876,"Senate","Republican","86",4.9,NA,NA
"653","2005/09","Bush",44,"Republican",4.02470724061161,"Senate","Republican","86",5,NA,NA
"654","2005/10","Bush",40.75,"Republican",3.33157515598619,"Senate","Republican","86",5,16136.734,0.5555
"655","2005/11","Bush",38.3333,"Republican",2.83691194814226,"Senate","Republican","86",5,NA,NA
"656","2005/12","Bush",42.25,"Republican",2.20489319920401,"Senate","Republican","86",4.9,NA,NA
"657","2006/01","Bush",43,"Republican",2.88432186623886,"Senate","Republican","86",4.7,16353.835,1.3454
"658","2006/02","Bush",39.6667,"Republican",2.07202087371556,"Senate","Republican","86",4.8,NA,NA
"659","2006/03","Bush",36.5,"Republican",3.08218251360963,"Senate","Republican","86",4.7,NA,NA
"660","2006/04","Bush",35.6667,"Republican",2.8870316165126,"Senate","Republican","86",4.7,16396.151,0.2588
"661","2006/05","Bush",32,"Republican",4.28816068458393,"Senate","Republican","86",4.6,NA,NA
"662","2006/06","Bush",37,"Republican",3.19983083499134,"Senate","Republican","86",4.6,NA,NA
"663","2006/07","Bush",39,"Republican",3.05393052415284,"Senate","Republican","86",4.7,16420.738,0.15
"664","2006/08","Bush",39.5,"Republican",4.62137039677921,"Senate","Republican","86",4.7,NA,NA
"665","2006/09","Bush",41.5,"Republican",2.10626377333667,"Senate","Republican","86",4.5,NA,NA
"666","2006/10","Bush",37,"Republican",3.65069704001577,"Senate","Republican","86",4.4,16561.866,0.8594
"667","2006/11","Bush",35.5,"Republican",3.02469916751935,"Senate","Republican","86",4.5,NA,NA
"668","2006/12","Bush",36.5,"Republican",2.72554654380133,"Senate","Republican","86",4.4,NA,NA
"669","2007/01","Bush",35.6667,"Republican",2.96441026316892,"Senate","Republican","81",4.6,16611.69,0.3008
"670","2007/02","Bush",34.5,"Republican",4.44702564001935,"Senate","Republican","81",4.5,NA,NA
"671","2007/03","Bush",34,"Republican",2.68853112184253,"Senate","Republican","81",4.4,NA,NA
"672","2007/04","Bush",37,"Republican",2.36832536836802,"Senate","Republican","81",4.5,16713.314,0.6118
"673","2007/05","Bush",33.5,"Republican",2.35349143799752,"Senate","Republican","81",4.4,NA,NA
"674","2007/06","Bush",32,"Republican",3.26803173677304,"Senate","Republican","81",4.6,NA,NA
"675","2007/07","Bush",30,"Republican",2.82817098511783,"Senate","Republican","81",4.7,16809.587,0.576
"676","2007/08","Bush",33,"Republican",2.18457280462696,"Senate","Republican","81",4.6,NA,NA
"677","2007/09","Bush",34.5,"Republican",3.70440600770083,"Senate","Republican","81",4.7,NA,NA
"678","2007/10","Bush",32,"Republican",3.43463052089827,"Senate","Republican","81",4.7,16915.191,0.6282
"679","2007/11","Bush",32.3333,"Republican",3.475359352757,"Senate","Republican","81",4.7,NA,NA
"680","2007/12","Bush",34.5,"Republican",2.98265388398264,"Senate","Republican","81",5,NA,NA
"681","2008/01","Bush",33.3333,"Republican",3.28360527628442,"Senate","Republican","73",5,16843.003,-0.4268
"682","2008/02","Bush",32,"Republican",2.85747436326564,"Senate","Republican","73",4.9,NA,NA
"683","2008/03","Bush",32,"Republican",3.04048574612399,"Senate","Republican","73",5.1,NA,NA
"684","2008/04","Bush",28,"Republican",2.24101388446512,"Senate","Republican","73",5,16943.291,0.5954
"685","2008/05","Bush",28.3333,"Republican",2.4627692895931,"Senate","Republican","73",5.4,NA,NA
"686","2008/06","Bush",29,"Republican",4.05370089545272,"Senate","Republican","73",5.6,NA,NA
"687","2008/07","Bush",31.5,"Republican",3.98912873927892,"Senate","Republican","73",5.8,16854.295,-0.5253
"688","2008/08","Bush",31,"Republican",2.94013128490127,"Senate","Republican","73",6.1,NA,NA
"689","2008/09","Bush",30.3333,"Republican",3.17438970761372,"Senate","Republican","73",6.1,NA,NA
"690","2008/10","Bush",26.5,"Republican",2.20171024216991,"Senate","Republican","73",6.5,16485.35,-2.189
"691","2008/11","Bush",28.5,"Republican",1.93625366578525,"Senate","Republican","73",6.8,NA,NA
"692","2008/12","Bush",30.5,"Republican",0.363484150800542,"Senate","Republican","73",7.3,NA,NA
"693","2009/01","Bush",34,"Republican",2.40364062502632,"Senate","Democrat","96",7.8,16298.262,-1.1349
"694","2009/02","Obama",63.75,"Democrat",2.14357605719473,"Senate","Democrat","96",8.3,NA,NA
"695","2009/03","Obama",62,"Democrat",1.90828983085518,"Senate","Democrat","96",8.7,NA,NA
"696","2009/04","Obama",63.25,"Democrat",1.86117019943739,"Senate","Democrat","96",9,16269.145,-0.1787
"697","2009/05","Obama",64.25,"Democrat",1.29376893720741,"Senate","Democrat","96",9.4,NA,NA
"698","2009/06","Obama",60.4,"Democrat",0.75584590889346,"Senate","Democrat","96",9.5,NA,NA
"699","2009/07","Obama",56.75,"Democrat",0.125832513392354,"Senate","Democrat","96",9.5,16326.281,0.3512
"700","2009/08","Obama",53,"Democrat",1.6255061079099,"Senate","Democrat","96",9.6,NA,NA
"701","2009/09","Obama",51.75,"Democrat",0.914369783533586,"Senate","Democrat","96",9.8,NA,NA
"702","2009/10","Obama",53,"Democrat",1.1903654188135,"Senate","Democrat","96",10,16502.754,1.0809
"703","2009/11","Obama",50.8,"Democrat",0.516016421313492,"Senate","Democrat","96",9.9,NA,NA
"704","2009/12","Obama",50.25,"Democrat",0.460810409841406,"Senate","Democrat","96",9.9,NA,NA
"705","2010/01","Obama",49.5,"Democrat",0.680110845940707,"Senate","Democrat","97",9.8,16582.71,0.4845
"706","2010/02","Obama",50,"Democrat",-0.106627854267949,"Senate","Democrat","97",9.8,NA,NA
"707","2010/03","Obama",48.6,"Democrat",-0.286064246298046,"Senate","Democrat","97",9.9,NA,NA
"708","2010/04","Obama",48.25,"Democrat",0.452616254178473,"Senate","Democrat","97",9.9,16743.162,0.9676
"709","2010/05","Obama",48,"Democrat",0.27574788971958,"Senate","Democrat","97",9.6,NA,NA
"710","2010/06","Obama",46,"Democrat",1.26475267675239,"Senate","Democrat","97",9.4,NA,NA
"711","2010/07","Obama",45.5,"Democrat",0.632305068442718,"Senate","Democrat","97",9.4,16872.266,0.7711
"712","2010/08","Obama",44,"Democrat",0.43020593403722,"Senate","Democrat","97",9.5,NA,NA
"713","2010/09","Obama",45.5,"Democrat",1.53627227687154,"Senate","Democrat","97",9.5,NA,NA
"714","2010/10","Obama",45,"Democrat",1.12609057107202,"Senate","Democrat","97",9.4,16960.864,0.5251
"715","2010/11","Obama",45.2,"Democrat",1.31829898066591,"Senate","Democrat","97",9.8,NA,NA
"716","2010/12","Obama",46.5,"Democrat",1.393380280754,"Senate","Democrat","97",9.3,NA,NA
"717","2011/01","Obama",48.8,"Democrat",2.27322625990496,"Senate","Democrat","94",9.1,16920.632,-0.2372
"718","2011/02","Obama",47.5,"Democrat",2.81696889792589,"Senate","Democrat","94",9,NA,NA
"719","2011/03","Obama",47,"Democrat",1.74418998266395,"Senate","Democrat","94",9,NA,NA
"720","2011/04","Obama",43.75,"Democrat",2.24921919600376,"Senate","Democrat","94",9.1,17035.114,0.6766
"721","2011/05","Obama",49.8,"Democrat",2.3058155396239,"Senate","Democrat","94",9,NA,NA
"722","2011/06","Obama",45.5,"Democrat",1.92672807632472,"Senate","Democrat","94",9.1,NA,NA
"723","2011/07","Obama",43.75,"Democrat",2.5370313756665,"Senate","Democrat","94",9,17031.313,-0.0223
"724","2011/08","Obama",40.8,"Democrat",3.17797077169901,"Senate","Democrat","94",9,NA,NA
"725","2011/09","Obama",41.25,"Democrat",2.49197707942446,"Senate","Democrat","94",9,NA,NA
"726","2011/10","Obama",41.6,"Democrat",2.02226514469577,"Senate","Democrat","94",8.8,17222.583,1.123
"727","2011/11","Obama",42.75,"Democrat",1.84701379887522,"Senate","Democrat","94",8.6,NA,NA
"728","2011/12","Obama",43,"Democrat",2.37433305779156,"Senate","Democrat","94",8.5,NA,NA
"729","2012/01","Obama",45.4,"Democrat",3.19808928450254,"Senate","Democrat","95",8.3,17367.01,0.8386
"730","2012/02","Obama",45.5,"Democrat",1.68455191336783,"Senate","Democrat","95",8.3,NA,NA
"731","2012/03","Obama",46.5,"Democrat",2.42029632056173,"Senate","Democrat","95",8.2,NA,NA
"732","2012/04","Obama",47.6,"Democrat",2.28513384278917,"Senate","Democrat","95",8.2,17444.525,0.4463
"733","2012/05","Obama",47,"Democrat",1.73207207221013,"Senate","Democrat","95",8.2,NA,NA
"734","2012/06","Obama",46.5,"Democrat",1.92206327761144,"Senate","Democrat","95",8.2,NA,NA
"735","2012/07","Obama",45.6,"Democrat",2.08371119432122,"Senate","Democrat","95",8.2,17469.65,0.144
"736","2012/08","Obama",45,"Democrat",2.42386601913445,"Senate","Democrat","95",8.1,NA,NA
"737","2012/09","Obama",49.25,"Democrat",2.28660374272893,"Senate","Democrat","95",7.8,NA,NA
"738","2012/10","Obama",50.8,"Democrat",1.87504766315374,"Senate","Democrat","95",7.8,17489.852,0.1156
"739","2012/11","Obama",51.75,"Democrat",2.07215537879355,"Senate","Democrat","95",7.7,NA,NA
"740","2012/12","Obama",53,"Democrat",1.79065016566902,"Senate","Democrat","95",7.9,NA,NA
"741","2013/01","Obama",52.25,"Democrat",2.74180750368704,"Senate","Democrat","98",8,17662.4,0.9866
"742","2013/02","Obama",50.75,"Democrat",2.45154222786008,"Senate","Democrat","98",7.7,NA,NA
"743","2013/03","Obama",48,"Democrat",1.21535791179703,"Senate","Democrat","98",7.5,NA,NA
"744","2013/04","Obama",49.6,"Democrat",2.088884185994,"Senate","Democrat","98",7.6,17709.671,0.2676
"745","2013/05","Obama",48.75,"Democrat",1.9563823322529,"Senate","Democrat","98",7.5,NA,NA
"746","2013/06","Obama",47,"Democrat",2.13725043962469,"Senate","Democrat","98",7.5,NA,NA
"747","2013/07","Obama",46,"Democrat",2.00320004740069,"Senate","Democrat","98",7.3,17860.45,0.8514
"748","2013/08","Obama",45,"Democrat",2.1480298989162,"Senate","Democrat","98",7.2,NA,NA
"749","2013/09","Obama",44.4,"Democrat",2.23216017314456,"Senate","Democrat","98",7.2,NA,NA
"750","2013/10","Obama",42.25,"Democrat",1.16372929089217,"Senate","Democrat","98",7.2,18016.147,0.8717
"751","2013/11","Obama",41,"Democrat",2.60550640737742,"Senate","Democrat","98",6.9,NA,NA
"752","2013/12","Obama",41.5,"Democrat",2.84464408227172,"Senate","Democrat","98",6.7,NA,NA
"753","2014/01","Obama",41.2,"Democrat",2.40632650352188,"Senate","Democrat","98",6.6,17953.974,-0.3451
"754","2014/02","Obama",42,"Democrat",2.35083134647025,"Senate","Democrat","98",6.7,NA,NA
"755","2014/03","Obama",42.8,"Democrat",2.85897667543571,"Senate","Democrat","98",6.7,NA,NA
"756","2014/04","Obama",43.75,"Democrat",2.21493222879676,"Senate","Democrat","98",6.2,18185.911,1.2918
"757","2014/05","Obama",44,"Democrat",2.54562660708071,"Senate","Democrat","98",6.3,NA,NA
"758","2014/06","Obama",42.4,"Democrat",1.31136444111866,"Senate","Democrat","98",6.1,NA,NA
"759","2014/07","Obama",42,"Democrat",2.40490383837575,"Senate","Democrat","98",6.2,18406.941,1.2154
"760","2014/08","Obama",41.75,"Democrat",1.75173691535098,"Senate","Democrat","98",6.1,NA,NA
"761","2014/09","Obama",41.8,"Democrat",1.93541098458714,"Senate","Democrat","98",5.9,NA,NA
"762","2014/10","Obama",41.5,"Democrat",2.4289565511268,"Senate","Democrat","98",5.7,18500.031,0.5057
"763","2014/11","Obama",41.75,"Democrat",2.25631054100233,"Senate","Democrat","98",5.8,NA,NA
"764","2014/12","Obama",44.2,"Democrat",2.3833942455642,"Senate","Democrat","98",5.6,NA,NA
"765","2015/01","Obama",47,"Democrat",1.94752959883826,"Senate","Democrat","88",5.7,18666.621,0.9005
"766","2015/02","Obama",46,"Democrat",1.95449451571832,"Senate","Democrat","88",5.5,NA,NA
"767","2015/03","Obama",46.2,"Democrat",2.43333592636743,"Senate","Democrat","88",5.4,NA,NA
"768","2015/04","Obama",46.75,"Democrat",2.96265053867684,"Senate","Democrat","88",5.4,18782.243,0.6194
"769","2015/05","Obama",46.75,"Democrat",2.5012910991095,"Senate","Democrat","88",5.6,NA,NA
"770","2015/06","Obama",45.8,"Democrat",2.97239956431092,"Senate","Democrat","88",5.3,NA,NA
"771","2015/07","Obama",46,"Democrat",1.92202530060317,"Senate","Democrat","88",5.2,18857.418,0.4002
"772","2015/08","Obama",45.6,"Democrat",1.63579063211565,"Senate","Democrat","88",5.1,NA,NA
"773","2015/09","Obama",46.75,"Democrat",2.99841569275872,"Senate","Democrat","88",5,NA,NA
"774","2015/10","Obama",46.25,"Democrat",2.28316449144805,"Senate","Democrat","88",5,18892.206,0.1845
"775","2015/11","Obama",47,"Democrat",2.2654806001265,"Senate","Democrat","88",5.1,NA,NA
"776","2015/12","Obama",45.75,"Democrat",1.83471969623819,"Senate","Democrat","88",5,NA,NA
"777","2016/01","Obama",47.75,"Democrat",2.70841659132004,"Senate","Democrat","86",4.8,19001.69,0.5795
"778","2016/02","Obama",48.2,"Democrat",2.53771440127248,"Senate","Democrat","86",4.9,NA,NA
"779","2016/03","Obama",51.25,"Democrat",2.22200455864592,"Senate","Democrat","86",5,NA,NA
"780","2016/04","Obama",50.25,"Democrat",3.82547788330951,"Senate","Democrat","86",5.1,19062.709,0.3211
"781","2016/05","Obama",51.4,"Democrat",3.2805191880404,"Senate","Democrat","86",4.8,NA,NA
"782","2016/06","Obama",51.75,"Democrat",2.10339046055212,"Senate","Democrat","86",4.9,NA,NA
"783","2016/07","Obama",50.5,"Democrat",2.49016471097936,"Senate","Democrat","86",4.8,19197.938,0.7094
"784","2016/08","Obama",51.6,"Democrat",2.74257089079208,"Senate","Democrat","86",4.9,NA,NA
"785","2016/09","Obama",52.25,"Democrat",2.49832933493122,"Senate","Democrat","86",5,NA,NA
"786","2016/10","Obama",53.6,"Democrat",2.01802556175075,"Senate","Democrat","86",4.9,19304.352,0.5543
"787","2016/11","Obama",55.75,"Democrat",2.45883151623452,"Senate","Democrat","86",4.7,NA,NA
"788","2016/12","Obama",56,"Democrat",2.03838510774881,"Senate","Democrat","86",4.7,NA,NA
"789","2017/01","Obama",57,"Democrat",3.43630577482943,"Senate","Republican","99",4.7,19398.343,0.4869
"790","2017/02","Trump",41.5,"Republican",3.29234633875322,"Senate","Republican","99",4.6,NA,NA
"791","2017/03","Trump",39.75,"Republican",1.91438367511723,"Senate","Republican","99",4.4,NA,NA
"792","2017/04","Trump",40.5,"Republican",1.55365836257901,"Senate","Republican","99",4.4,19506.949,0.5599
"793","2017/05","Trump",39.4,"Republican",2.11321887098435,"Senate","Republican","99",4.4,NA,NA
"794","2017/06","Trump",38.25,"Republican",1.89683378620467,"Senate","Republican","99",4.3,NA,NA
"795","2017/07","Trump",37.8,"Republican",2.12209368341407,"Senate","Republican","99",4.3,19660.766,0.7885
"796","2017/08","Trump",36,"Republican",2.27475798765204,"Senate","Republican","99",4.4,NA,NA
"797","2017/09","Trump",37.5,"Republican",2.8702567714483,"Senate","Republican","99",4.3,NA,NA
"798","2017/10","Trump",36.8,"Republican",2.42496302403465,"Senate","Republican","99",4.2,19882.352,1.127
"799","2017/11","Trump",37,"Republican",2.42039295861358,"Senate","Republican","99",4.2,NA,NA
"800","2017/12","Trump",36.75,"Republican",2.95574718908234,"Senate","Republican","99",4.1,NA,NA
"801","2018/01","Trump",37.8,"Republican",4.17000041826154,"Senate","Republican","97",4,20044.077,0.8134
"802","2018/02","Trump",38.75,"Republican",2.01327934554867,"Senate","Republican","97",4.1,NA,NA
"803","2018/03","Trump",39.25,"Republican",1.96190007372539,"Senate","Republican","97",4,NA,NA
"804","2018/04","Trump",40.4,"Republican",2.93200914809488,"Senate","Republican","97",4,20150.476,0.5308
"805","2018/05","Trump",41.5,"Republican",2.98183255084012,"Senate","Republican","97",3.8,NA,NA
"806","2018/06","Trump",42.5,"Republican",2.63211788853712,"Senate","Republican","97",4,NA,NA
"807","2018/07","Trump",41.4,"Republican",2.11149391449985,"Senate","Republican","97",3.8,20276.154,0.6237
"808","2018/08","Trump",40.75,"Republican",2.2967112867851,"Senate","Republican","97",3.8,NA,NA
"809","2018/09","Trump",40,"Republican",2.33372335554622,"Senate","Republican","97",3.7,NA,NA
"810","2018/10","Trump",42.2,"Republican",2.60626268747923,"Senate","Republican","97",3.8,20304.874,0.1416
"811","2018/11","Trump",39.75,"Republican",3.72376360170077,"Senate","Republican","97",3.8,NA,NA
"812","2018/12","Trump",39,"Republican",2.91177701505443,"Senate","Republican","97",3.9,NA,NA
"813","2019/01","Trump",37,"Republican",2.88960472562634,"Senate","Republican","96",4,20431.641,0.6243
"814","2019/02","Trump",43.5,"Republican",2.97821762626109,"Senate","Republican","96",3.8,NA,NA
"815","2019/03","Trump",39,"Republican",3.21024114832287,"Senate","Republican","96",3.8,NA,NA
"816","2019/04","Trump",45.5,"Republican",2.82946232379089,"Senate","Republican","96",3.7,20602.275,0.8351
"817","2019/05","Trump",41,"Republican",2.55853514567628,"Senate","Republican","96",3.6,NA,NA
"818","2019/06","Trump",42,"Republican",2.96310499495169,"Senate","Republican","96",3.6,NA,NA
"819","2019/07","Trump",43,"Republican",3.20088881178511,"Senate","Republican","96",3.7,20843.322,1.17
"820","2019/08","Trump",40,"Republican",2.62575663098745,"Senate","Republican","96",3.6,NA,NA
"821","2019/09","Trump",41.5,"Republican",2.50440284645774,"Senate","Republican","96",3.5,NA,NA
"822","2019/10","Trump",40,"Republican",2.67072730886815,"Senate","Republican","96",3.6,20985.448,0.6819
"823","2019/11","Trump",43,"Republican",3.27785810135186,"Senate","Republican","96",3.6,NA,NA
"824","2019/12","Trump",45,"Republican",2.52541708194376,"Senate","Republican","96",3.6,NA,NA
"825","2020/01","Trump",46.5,"Republican",3.61068769265118,"Senate","Republican","94",3.6,20693.238,-1.3924
"826","2020/02","Trump",48,"Republican",2.88679127209464,"Senate","Republican","94",3.5,NA,NA
"827","2020/03","Trump",46.5,"Republican",2.96074316871415,"Senate","Republican","94",4.4,NA,NA
"828","2020/04","Trump",46,"Republican",2.18086652905403,"Senate","Republican","94",14.8,19056.617,-7.909
"829","2020/05","Trump",44,"Republican",2.89879142211011,"Senate","Republican","94",13.2,NA,NA
"830","2020/06","Trump",38,"Republican",1.83456486942399,"Senate","Republican","94",11,NA,NA
"831","2020/07","Trump",41.5,"Republican",3.44313590833529,"Senate","Republican","94",10.2,20548.793,7.8302
"832","2020/08","Trump",42,"Republican",2.6071155139936,"Senate","Republican","94",8.4,NA,NA
"833","2020/09","Trump",44.5,"Republican",1.14434137828776,"Senate","Republican","94",7.8,NA,NA
"834","2020/10","Trump",46,"Republican",1.82057568973273,"Senate","Republican","94",6.9,20771.691,1.0847
"835","2020/11","Trump",43,"Republican",1.45986298697687,"Senate","Republican","94",6.7,NA,NA
"836","2020/12","Trump",39,"Republican",1.44368888695681,"Senate","Republican","94",6.7,NA,NA
"837","2021/01","Biden",57,"Democrat",1.20618134352162,"Senate","Democrat","99",6.4,21058.379,1.3802
"838","2021/01","Trump",34,"Republican",1.20618134352162,"Senate","Democrat","99",6.4,21058.379,1.3802
"839","2021/02","Biden",56,"Democrat",2.78567284418365,"Senate","Democrat","99",6.2,NA,NA
"840","2021/03","Biden",54,"Democrat",2.18812333278768,"Senate","Democrat","99",6.1,NA,NA
"841","2021/04","Biden",57,"Democrat",2.89802316651395,"Senate","Democrat","99",6.1,21389.005,1.57
"842","2021/05","Biden",54,"Democrat",3.3730910133644,"Senate","Democrat","99",5.8,NA,NA
"843","2021/06","Biden",56,"Democrat",3.663084885277,"Senate","Democrat","99",5.9,NA,NA
"844","2021/07","Biden",50,"Democrat",3.1200841239386,"Senate","Democrat","99",5.4,21571.421,0.8528
"845","2021/08","Biden",49,"Democrat",4.11198001646529,"Senate","Democrat","99",5.1,NA,NA
"846","2021/09","Biden",43,"Democrat",5.37758874479701,"Senate","Democrat","99",4.7,NA,NA
"847","2021/10","Biden",42,"Democrat",6.9144991502176,"Senate","Democrat","99",4.5,21960.388,1.8032
"848","2021/11","Biden",42,"Democrat",5.4362077706412,"Senate","Democrat","99",4.2,NA,NA
"849","2021/12","Biden",43,"Democrat",4.93155832930907,"Senate","Democrat","99",3.9,NA,NA
"850","2022/02","Biden",41,"Democrat",6.3180865281748,NA,NA,NA,3.8,NA,NA
"851","2022/03","Biden",42,"Democrat",5.59623477554558,NA,NA,NA,3.7,NA,NA
"852","2022/04","Biden",41,"Democrat",6.63314605740437,NA,NA,NA,3.7,21919.222,0.0702
"853","2022/05","Biden",41,"Democrat",7.66562205600623,NA,NA,NA,3.6,NA,NA
"854","2022/06","Biden",41,"Democrat",8.19157174501135,NA,NA,NA,3.6,NA,NA
"855","2022/08","Biden",44,"Democrat",7.77400813178937,NA,NA,NA,3.6,NA,NA
"856","2022/09","Biden",42,"Democrat",7.4570161044927,NA,NA,NA,3.5,NA,NA
"857","2022/10","Biden",40,"Democrat",7.54280806445971,NA,NA,NA,3.6,22249.459,0.8278
"858","2022/11","Biden",40,"Democrat",6.1531667728038,NA,NA,NA,3.6,NA,NA
"859","2023/01","Biden",41,"Democrat",6.72567380367208,NA,NA,NA,3.5,22403.435,0.692
"860","2023/02","Biden",42,"Democrat",7.15555662428864,NA,NA,NA,3.6,NA,NA
"861","2023/03","Biden",40,"Democrat",4.69973744794392,NA,NA,NA,3.5,NA,NA
"862","2023/04","Biden",37,"Democrat",5.67125424130643,NA,NA,NA,3.4,22539.418,0.607
"863","2023/05","Biden",39,"Democrat",4.80799823146805,NA,NA,NA,3.6,NA,NA
"864","2023/06","Biden",43,"Democrat",4.69911052483047,NA,NA,NA,3.6,NA,NA
"865","2023/07","Biden",40,"Democrat",3.22860793815065,NA,NA,NA,3.5,22780.933,1.0715
"866","2023/08","Biden",42,"Democrat",4.20796905702734,NA,NA,NA,3.7,NA,NA
"867","2023/09","Biden",41,"Democrat",4.83896756560516,NA,NA,NA,3.8,NA,NA
"868","2023/10","Biden",37,"Democrat",4.16576295346005,NA,NA,NA,3.9,22960.6,0.7887
"869","2023/11","Biden",37,"Democrat",5.53506384122775,NA,NA,NA,3.7,NA,NA
"870","2023/12","Biden",39,"Democrat",4.18793084319331,NA,NA,NA,3.8,NA,NA
"871","2024/01","Biden",41,"Democrat",5.72491388491452,NA,NA,NA,3.7,23053.545,0.4048
"872","2024/02","Biden",38,"Democrat",4.30175161691047,NA,NA,NA,3.9,NA,NA
"873","2024/03","Biden",40,"Democrat",4.73016592118183,NA,NA,NA,3.9,NA,NA
"874","2024/04","Biden",38,"Democrat",4.25132259006098,NA,NA,NA,3.9,23223.906,0.739
"875","2024/05","Biden",39,"Democrat",2.80729035893057,NA,NA,NA,4,NA,NA
"876","2024/06","Biden",38,"Democrat",2.49625598911587,NA,NA,NA,4.1,NA,NA
"877","2024/07","Biden",36,"Democrat",2.636289491486,NA,NA,NA,4.2,23400.294,0.7595
"878","2024/08","Biden",43,"Democrat",3.70174225639255,NA,NA,NA,4.2,NA,NA
"879","2024/09","Biden",42,"Democrat",4.14646127656875,NA,NA,NA,4.1,NA,NA
"880","2024/10","Biden",40,"Democrat",3.69869459745282,NA,NA,NA,4.1,23536.293,0.5812
"881","2024/11","Biden",37,"Democrat",3.22607020428725,NA,NA,NA,4.2,NA,NA
"882","2024/12","Biden",39,"Democrat",3.23451103071517,NA,NA,NA,4.1,NA,NA
"883","2025/01","Biden",40,"Democrat",3.93019343751728,NA,NA,NA,4,NA,NA
